,title,full_title,name,album,album_name
4321,100%,"100% by Bassi Maestro (Ft. Amir Issaa, Mr. Phil & Supa)",bassi maestro,V.E.L.M. (Vivi E Lascia Morire),L'Ultimo Testimone
2480,100%,100% by Mistaman & DJ Shocca,mistaman,La scatola nera,Anni senza fine
9502,1312,1312 by Dani Faiv (Ft. Disme & Vaz Tè),dani faiv,Teoria Del Contrario Mixtape Vol. 2,Teoria Del Contrario Mixtape Vol. 2
6199,1312,1312 by Willie Peyote,willie peyote,"Non è il mio genere, il genere umano","Non è il mio genere, il genere umano"
4671,2020 Freestyle,2020 Freestyle by Madame,madame,,Rockstar: Do zachodu słońca
3775,2020 Freestyle,2020 Freestyle by Tedua,tedua,,2020 Freestyle
1087,24/7,24/7 by Guè,guè pequeno,Rimo Da Quando,V.Ita
8216,24/7,24/7 by MadMan,madman,"MM, Vol. 3",MM Vol. 3
4757,24/7,24/7 by Vacca (Ft. Locker),vacca,Bad Reputation,Bad Reputation
2812,24H,24H by Johnny Marsiglia,johnny marsiglia,Memory,Memory
359,24H,24H by Lazza,lazza,Re Mida: Aurum,Re Mida
8999,4L,4L by Dark Polo Gang (Ft. MamboLosco),dark polo gang,Dark Boys Club,DARK BOYS CLUB
1191,4L,4L by Roshelle,roshelle,SENTIMENTAL SEASON EP,SENTIMENTAL SEASON
3110,6 AM,6 AM by Sfera Ebbasta,sfera ebbasta,Famoso,Famoso
10007,6 AM,6 AM by Shiva,shiva,Milano Angels,Milano Angels
9348,64 Bars,64 Bars by ANNA,anna pepe,,sneakz
9506,64 Bars,64 Bars by Dani Faiv,dani faiv,,MACHETE MIXTAPE 4
6894,64 Bars,64 Bars by Frah Quintale,frah quintale,Lungolinea.,Lungolinea.
3196,64 Bars,64 Bars by Ghemon,ghemon,,"Red Bull 64 Bars, The Album"
2819,64 Bars,64 Bars by Johnny Marsiglia,johnny marsiglia,,62 Bars
4640,64 Bars,64 Bars by Madame,madame,,"Red Bull 64 Bars, The Album"
9966,64 Bars,64 Bars by Nitro,nitro,,"Red Bull 64 Bars, The Album"
5778,666,666 by Emis Killa & Jake La Furia,emis killa,17 (Dark Edition),17
7920,666,666 by Jack The Smoker,jack the smoker,Jack Uccide,Jack uccide
7814,666,"666 by Noyz Narcos (Ft. Duke Montana, Miss Violetta Beauregarde & Mystic One)",noyz narcos,Verano Zombie,Verano Zombie
9323,ABC,ABC by ANNA (Ft. thasup & Tony Boy),anna pepe,VERA BADDIE,SANTANA MONEY GANG
9281,ABC,ABC by Grido (Ft. Inoki),grido,,ABC
33,ABC,ABC by Rosa Chemical,rosa chemical,,BV3
4751,ABC,ABC by Vacca,vacca,L’ultimo tango,L'ultimo tango
1689,ATM,ATM by Clementino,clementino,Black Pulcinella,Black Pulcinella
310,ATM,ATM by Yung Snapp (Ft. MV Killa),yung snapp,HOTEL MONTANA (Deluxe),HOTEL MONTANA
4532,Abracadabra,Abracadabra by Ensi,ensi,Era Tutto Un Sogno,Era Tutto Un Sogno
3063,Abracadabra,Abracadabra by Sfera Ebbasta (Ft. Future),sfera ebbasta,Famoso,Famoso
7189,Adesso,Adesso by Gemitaiz,gemitaiz,Eclissi,Eclissi
7652,Adesso,Adesso by Tony Boy,tony boy,,Vincere Adesso
6424,Africa,Africa by Entics,entics,Entics Television,V
1526,Africa,Africa by Mahmood,mahmood,,V
1289,Air Force,Air Force by Capo Plaza (Ft. Leto),capo plaza,Hustle Mixtape,Hustle Mixtape
7818,Air Force,Air Force by Noyz Narcos & DJ Gengis,noyz narcos,The Best Out Mixtape Vol. 2,Monster
7082,Alaska,Alaska by Gemitaiz (Ft. Priestess),gemitaiz,Davide,Davide
788,Alaska,Alaska by Niky Savage,niky savage,,Alaska
10229,Alice,Alice by Caneda,caneda,L’angelo da un’ala sola - Atto 2,ALICE
9814,Alice,Alice by Priestess,priestess,Brava,Brava
8587,Alice,Alice by Rkomi,rkomi,Dove Gli Occhi Non Arrivano,Dove Gli Occhi Non Arrivano
1428,Alice,Alice by Skioffi,skioffi,ALICE EP,Alice
1663,Alleluia,Alleluia by Clementino (Ft. Gemitaiz),clementino,Tarantelle,Tarantelle
10000,Alleluia,Alleluia by Shiva (Ft. Sfera Ebbasta),shiva,Milano Demons,Milano Demons
6780,Allora ciao,Allora ciao by Nesli,nesli,Kill Karma - La mente è un’arma,Kill Karma (La Mente E' Un' Arma...)
5669,Allora ciao,Allora ciao by Shade,shade,,Allora ciao
4014,Amen,Amen by Caparezza (Ft. Gianni De Gennaro),caparezza,Ricomincio da Capa,Prisoner 709
1117,Amen,Amen by Guè,guè pequeno,Rimo Da Quando,Gentleman
10129,Amen,Amen by Shiva,shiva,,Maha Shivaratri 2021: Sai Young Adults Open
6535,Amici,Amici by Ernia,ernia,Come Uccidere Un Usignolo (67 Edition),Come Uccidere Un Usignolo
1311,Amici,Amici by Massimo Pericolo,massimo pericolo,Scialla Semper (Emodrill Repack),Scialla Semper
2056,Amnesia,Amnesia by Fabri Fibra,fabri fibra,Squallor,Squallor
10852,Amnesia,Amnesia by Fedez,fedez,Paranoia Airlines,Paranoia Airlines
1132,Amnesia,Amnesia by Mudimbi,mudimbi,Michel,Michel
7604,Amnesia,Amnesia by Tony Boy,tony boy,Umile (Deluxe),Umile
3277,Ancora,Ancora by Ghemon (Ft. Giallo),ghemon,La rivincita dei buoni,La rivincita dei buoni
7622,Ancora,Ancora by Tony Boy,tony boy,Let’s Go (Hard) Mixtape,Going Hard 2
9861,Ancora,Ancora by Tormento,tormento,Alibi,PRIMA DEL PRIMA
1236,Ancora Qua,Ancora Qua by Capo Plaza (Ft. Tedua),capo plaza,Ferite (Deluxe Edition),FERITE
1361,Ancora Qua,Ancora Qua by Massimo Pericolo,massimo pericolo,Le cose cambiano (Deluxe),Le cose cambiano
10449,Ancora Qua,Ancora Qua by Mondo Marcio (Ft. Irene Lamedica),mondo marcio,Solo Un Uomo (Gold Edition),Solo Un Uomo
6399,Ancora in piedi,Ancora in piedi by Entics,entics,Entics Television Vol. 3,"Entics Television, Vol. 3"
6067,Ancora in piedi,Ancora in piedi by J-Ax,j-ax,Meglio Prima (?),Meglio prima (?)
7591,Ancora qua,Ancora qua by Tony Boy,tony boy,Going Hard 2,Going Hard 2
4719,Ancora qua,Ancora qua by Vacca (Ft. Jamil),vacca,L’ultimo tango,L'ultimo tango
5882,Andale,Andale by Emis Killa (Ft. Westside Gunn),emis killa,,Andale
1416,Andale,Andale by Skioffi,skioffi,Benjamin,Benjamin
2032,Andiamo,Andiamo by Fabri Fibra (Ft. Nesli),fabri fibra,Mr. Simpatia,Mr. Simpatia
607,Andiamo,Andiamo by Nerone (Ft. Maruego),nerone,100k EP,100K
10194,Andromeda,Andromeda by Caneda,caneda,La dolce vita,La dolce vita
9808,Andromeda,Andromeda by Priestess,priestess,Brava,Brava
4631,Anna,Anna by Madame,madame,New Challengers,Anna
1395,Anna,Anna by Skioffi,skioffi,Jolly Mixtape,Non so chi ha creato il mondo ma so che era innamorato (Deluxe)
3399,Aria,Aria by Articolo 31,articolo 31,Nessuno,Nessuno
7720,Aria,Aria by Brusco (Ft. 1Drop),brusco,,Si fa presto a dire... Brusco
9475,Aria,Aria by Dani Faiv (Ft. Fabri Fibra),dani faiv,Scusate se esistiamo,Scusate se esistiamo
10501,Avanzi,Avanzi by Mondo Marcio,mondo marcio,Rap God Mixtape,Going Hard 2
9747,Avanzi,Avanzi by Salmo,salmo,Sotto Pelle,Playlist
10973,Avvoltoi,Avvoltoi by Fedez,fedez,,Comunisti col Rolex
9921,Avvoltoi,Avvoltoi by Nitro (Ft. Fabri Fibra),nitro,Garbage Evilution,GarbAge
9345,BABE,BABE by ANNA (Ft. Rondodasosa),anna pepe,Lista 47 - EP,HO LA HIT (feat. Massimo Pericolo)
7411,BABE,BABE by DrefGold (Ft. Tony Effe),drefgold,GOBLIN,GOBLIN
9352,BABY,BABY by ANNA,anna pepe,,SANTANA MONEY GANG
4535,BABY,BABY by Ensi,ensi,DOMANI - EP,DOMANI
4630,BABY,BABY by Madame,madame,MADAME,L'Angelo del Male
2969,BABY,BABY by Rondodasosa,rondodasosa,GIOVANE RONDO - EP,GIOVANE RONDO
7463,BABY,"BABY by Slait, thasup & MILES (Ft. Rosa Chemical)",slait,BV3,BV3
4544,BANG BANG,BANG BANG by Ensi,ensi,CLASH AGAIN,CLASH AGAIN
1338,BANG BANG,BANG BANG by Massimo Pericolo,massimo pericolo,SOLO TUTTO,SOLO TUTTO
4627,BUGIE,BUGIE by Madame (Ft. Carl Brave & Rkomi),madame,MADAME,MADAME
4628,BUGIE,BUGIE by Madame (Ft. Carl Brave & Rkomi),madame,MADAME,sentimi
1321,BUGIE,BUGIE by Massimo Pericolo,massimo pericolo,SOLO TUTTO,SOLO TUTTO
8816,Balaclava,Balaclava by Highsnob (Ft. Nitro),mike24,Yang,Untouchable
4084,Balaclava,Balaclava by Tony Effe (Ft. Capo Plaza),tony effe,Untouchable,Untouchable
1412,Ballare,Ballare by Skioffi,skioffi,Benjamin,Benjamin
4923,Ballare,Ballare by Vacca,vacca,Sporco,Sporco
8745,Bam Bam,Bam Bam by Cor Veleno,cor veleno,Buona Pace,Buona Pace
929,Bam Bam,Bam Bam by Guè (Ft. Cosculluela & El Micha),guè pequeno,Sinatra ,Sinatra
5257,Bang Bang,Bang Bang by Luchè,luchè,L2,L2
3053,Bang Bang,Bang Bang by Sfera Ebbasta,sfera ebbasta,Sfera Ebbasta,Sfera Ebbasta
1474,Barrio,Barrio by Mahmood,mahmood,Rarities LP,Barrio
10076,Barrio,Barrio by Shiva (Ft. Nerone & Oni One),shiva,Solo,Solo
2799,Barrio,Barrio by YEИDRY,yeиdry,Nena - Single,Barrio
7285,Basta,Basta by Gemitaiz (Ft. Etto),gemitaiz,Quello Che Vi Consiglio Vol. 1,QVC Collection
2440,Basta,Basta by Mistaman,mistaman,Realtà Aumentata,Realtà aumentata
541,Basta,Basta by Nerone,nerone,Max,Max
7693,Bella,Bella by Brusco,brusco,Si fa presto a dire... Brusco,Si fa presto a dire... Brusco
6489,Bella,Bella by Ernia,ernia,Come Uccidere Un Usignolo (67 Edition),Come Uccidere Un Usignolo
1594,Bella,Bella by Piotta,piotta,Nemici,Nemici
9413,Bella,Bella by Samuel Costa,samuel heron,Genkidama,Genkidama
2759,Bello,Bello by Jake La Furia,jake la furia,Fuori Da Qui,Fuori Da Qui
5191,Bello,Bello by Luchè (Ft. Guè),luchè,Malammore,Malammore
7717,Bianco,Bianco by Brusco,brusco,Mappamondo,Mappamondo
7311,Bianco,Bianco by Gemitaiz,gemitaiz,BIANCO/GOSPEL – Single,Bianco/Gospel
6477,Bloody Mary,Bloody Mary by BigMama,bigmama,,Bloody Mary
6261,Bloody Mary,Bloody Mary by Willie Peyote (Ft. Fudasca & PUGNI),willie peyote,,Bloody Mary (feat. PUGNI & Fudasca)
8425,Blu,Blu by Achille Lauro (Ft. Eiffel 65),achille lauro,1990 (Deluxe Version),1990 (Deluxe Version)
10190,Blu,Blu by Caneda,caneda,Nato nell’acqua,Segnali di fumo
9296,Blu,Blu by Grido (Ft. Caneda),grido,Segnali di Fumo,Segnali di fumo
3633,Blu,Blu by Neffa,neffa,Alla Fine Della Notte,Resistenza (Edizione speciale)
8575,Blu,Blu by Rkomi (Ft. Elisa),rkomi,Dove Gli Occhi Non Arrivano,Dove Gli Occhi Non Arrivano
6486,Bomba a mano,Bomba a mano by BigMama,bigmama,Sangue,Sangue
8090,Bomba a mano,Bomba a mano by Coez,coez,Volare,Volare
1701,Boom,Boom by Clementino (Ft. Fabri Fibra & Guè),clementino,Miracolo! (Deluxe Edition),Miracolo!
10958,Boom,Boom by Fedez,fedez,BCPT Mixtape,Pop-hoolista
2864,Boom,Boom by Johnny Marsiglia & Big Joe (Ft. DJ Tsura),johnny marsiglia,Fantastica Illusione,Fantastica illusione
5330,Brucia,Brucia by Baby K,baby k,Kiss Kiss Bang Bang ,Kiss Kiss Bang Bang
1170,Brucia,Brucia by Mudimbi,mudimbi,,Brucia
4185,Bugie,Bugie by Bassi Maestro,bassi maestro,Guarda In Cielo,Guarda In Cielo
6526,Bugie,Bugie by Ernia,ernia,Gemelli (ascendente Milano),Gemelli
3308,Bugie,Bugie by Ghemon,ghemon,Aspetta Un Minuto Mixtape,Acquario
9366,Bugie,"Bugie by Papa V, Nerissima Serpe & Fritu",papa v,Mafia Slime 2,Mafia Slime 2
1984,Buio,Buio by Hindaco,hindaco,,Buio
10085,Buio,Buio by Shiva,shiva,Tempo Anima,Tempo anima
9853,Buio,Buio by Tormento (Ft. Primo Brown),tormento,Il Mio Diario: Giorno,Il mio diario (Giorno)
8094,Buona fortuna,Buona fortuna by Coez,coez,Niente che non va,From the Rooftop
5248,Buona fortuna,Buona fortuna by Luchè,luchè,Il mio lato peggiore,Il mio lato peggiore
10176,Buonanotte,Buonanotte by Caneda,caneda,Il piccolo principe,OBE
9503,Buonanotte,Buonanotte by Dani Faiv,dani faiv,Scusate se esistiamo,Scusate se esistiamo
5816,Buonanotte,Buonanotte by Emis Killa (Ft. Maruego),emis killa,Terza Stagione,Terza Stagione
7138,Buonanotte,Buonanotte by Gemitaiz,gemitaiz,Davide,Davide
6295,Buongiorno,Buongiorno by 99 Posse,99 posse,Corto circuito,Corto circuito
7712,Buongiorno,Buongiorno by Brusco,brusco,,Si fa presto a dire... Brusco
931,Business,Business by Guè,guè pequeno,Bravo Ragazzo (Royal Edition),Bravo Ragazzo (Royal Edition)
7518,Business,Business by Tony Boy (Ft. Kid Yugi),tony boy,Umile (Deluxe),Umile
4819,Business,Business by Vacca (Ft. Cris Enemy & Milligun),vacca,,Business
4274,Bye Bye,Bye Bye by Bassi Maestro & Babaman,bassi maestro,La Lettera B,Il Sogno Eretico
10363,Bye Bye,Bye Bye by Mondo Marcio,mondo marcio,Generazione X,Generazione X
7378,CHANCE,CHANCE by DrefGold,drefgold,ELO OVERTIME,ELO
3171,CHANCE,CHANCE by Sfera Ebbasta (Ft. GionnyScandal),sfera ebbasta,,SANTANA MONEY GANG
2990,CHIARA,CHIARA by Rondodasosa,rondodasosa,,CHIARA
4055,CHIARA,CHIARA by Tony Effe,tony effe,ICON,CHIARA
5927,COVID FREESTYLE,COVID FREESTYLE by Emis Killa,emis killa,Covid Freestyle EP,2/7 - EP
449,COVID FREESTYLE,COVID FREESTYLE by Lazza,lazza,,Guitarra
5156,COVID FREESTYLE,COVID FREESTYLE by M¥SS KETA,miss keta,,2020 Freestyle
6873,COVID-19 Freestyle,COVID-19 Freestyle by MamboLosco,mambolosco,,Storytelling Therapy
254,COVID-19 Freestyle,COVID-19 Freestyle by thasup,thasup,,Luga Pandemic
181,COVID19 FREESTYLE,COVID19 FREESTYLE by Alfa,alfa,,Santa Fe
103,COVID19 FREESTYLE,COVID19 FREESTYLE by Beba,beba,,Luga Pandemic
10802,COVID19 FREESTYLE,COVID19 FREESTYLE by Fred De Palma,fred de palma,,Clownstrofobia
3535,Cambierà,Cambierà by Neffa,neffa,Alla Fine Della Notte,Alla Fine Della Notte
10049,Cambierà,Cambierà by Shiva,shiva,Milano Angels,Milano Angels
8987,Caramelle,Caramelle by Dark Polo Gang (Ft. Marïna (ITA)),dark polo gang,Twins,Twins
6053,Caramelle,Caramelle by J-Ax (Ft. Neffa),j-ax,J-Ax & Friends (Deluxe),Il bello d'esser brutti Multiplatinum Edition
4416,Casa Mia,Casa Mia by Ghali,ghali,Festival di Sanremo 2024,Casa Mia
7737,Casa Mia,Casa Mia by Noyz Narcos (Ft. Capo Plaza & Luchè),noyz narcos,Enemy,Enemy
3654,Catalogo,Catalogo by Neffa,neffa,Resistenza Edizione Speciale,Resistenza (Edizione speciale)
6213,Catalogo,Catalogo by Willie Peyote,willie peyote,Iodegradabile,Iodegradabile
8028,Catene,Catene by Coez,coez,È sempre bello,È sempre bello
3603,Catene,Catene by Neffa,neffa,AmarAmmore,AmarAmmore
1093,Catrame,Catrame by Guè (Ft. Reverendo),guè pequeno,Rimo Da Quando,Gentleman
335,Catrame,Catrame by Lazza (Ft. Tedua),lazza,Re Mida: Aurum,Re Mida
9555,Centro,"Centro by Dani Faiv (Ft. Guezz, Little G, Paro Laser & Pitto Stail)",dani faiv,Teoria Del Contrario Mixtape Vol. 1,Teoria Del Contrario
8192,Centro,Centro by MadMan (Ft. Coez),madman,Back Home,Back Home
3228,Champagne,Champagne by Ghemon,ghemon,Scritto nelle stelle,Scritto Nelle Stelle
7632,Champagne,Champagne by Tony Boy (Ft. MR Rizzus),tony boy,,Champagne
7295,Che ne sai,Che ne sai by Gemitaiz & MadMan (Ft. Diluvio),gemitaiz,Haterproof,MM Vol. 2
7579,Che ne sai,Che ne sai by Tony Boy,tony boy,Umile (Deluxe),Umile
1782,Check Check,Check Check by Clementino (Ft. Lello Romano),clementino,Bengala,Ella Quiere Beber (Remix)
5975,Check Check,Check Check by Emis Killa,emis killa,,Nayt One
9064,Cheesecake,Cheesecake by Dark Polo Gang,dark polo gang,Sick Side,Sick Side
7965,Cheesecake,Cheesecake by Jack The Smoker,jack the smoker,24H EP,"Machete Mixtape, Vol. 3"
624,Ci sta,Ci sta by Nerone (Ft. MRB),nerone,Hyper 2 ,Hyper 2
9411,Ci sta,Ci sta by Samuel Costa,samuel heron,Genkidama,Genkidama
7676,Ci sta,Ci sta by Tony Boy,tony boy,TRVPPIN’ BOYZ,Rolling 200 Deep
9929,Cicatrici,Cicatrici by Nitro,nitro,Garbage Evilution,GarbAge
10041,Cicatrici,Cicatrici by Shiva (Ft. Tedua),shiva,Milano Demons,Milano Demons
126,Cin Cin,Cin Cin by Alfa,alfa,Before Wanderlust,Before Wanderlust
1968,Cin Cin,Cin Cin by La Pina,la pina,Cora,Cora
5786,Claro,Claro by Emis Killa (Ft. Gemitaiz & Vegas Jones),emis killa,Supereroe (Bat Edition),Supereroe
881,Claro,Claro by Guè (Ft. Pyrex (ITA) & Tony Effe),guè pequeno,Sinatra ,Sinatra
4171,Click,Click by Bassi Maestro,bassi maestro,Foto di gruppo,Foto di gruppo
6353,Click,Click by Entics,entics,Pompa il mio mixtape,Soundboy
1814,Cocaina,Cocaina by Club Dogo (Ft. Noyz Narcos),club dogo,Che Bello Essere Noi,Che Bello Essere Noi
5815,Cocaina,Cocaina by Emis Killa (Ft. Capo Plaza),emis killa,Supereroe (Bat Edition),Supereroe
1983,Cocco,Cocco by Hindaco,hindaco,,Cocco
1326,Cocco,Cocco by Massimo Pericolo,massimo pericolo,Scialla Semper (Emodrill Repack),Scialla Semper
7241,Colpevole,Colpevole by Gemitaiz (Ft. Franco126 & Lil Kvneki),gemitaiz,"QVC 10 – Quello Che Vi Consiglio, Vol. 10",QVC 10 - Quello Che Vi Consiglio Vol. 10
4074,Colpevole,Colpevole by Tony Effe,tony effe,Untouchable,Untouchable
7116,Come Me,Come Me by Gemitaiz,gemitaiz,Quello Che Vi Consiglio Vol. 2,Scatola Nera
497,Come Me,Come Me by Lazza,lazza,,Come Close to Me
10383,Come Me,Come Me by Mondo Marcio (Ft. Danti),mondo marcio,Cose Dell’Altro Mondo Mondo Marcio: Special Edition,Cose dell'Altro Mondo
941,Come Se Fosse Normale,Come Se Fosse Normale by Guè,guè pequeno,,Come Se Fosse Normale
6824,Come Se Fosse Normale,Come Se Fosse Normale by MamboLosco (Ft. Nashley),mambolosco,,Come se fosse normale
6414,Come Si Fa,Come Si Fa by Entics,entics,Entics TV Vol. 2,"Entics Television, Vol. 3"
471,Come Si Fa,Come Si Fa by Lazza,lazza,,Il meglio di un concerto
10442,Come Si Fa,Come Si Fa by Mondo Marcio,mondo marcio,Solo Un Uomo (Gold Edition),Solo Un Uomo
1210,Come me,Come me by Capo Plaza,capo plaza,20 (Deluxe Edition),20
7081,Come me,Come me by Gemitaiz & MadMan,gemitaiz,Scatola nera,Scatola Nera
5281,Come no,Come no by Baby K,baby k,Icona ,Icona
10898,Come no,Come no by Fedez,fedez,Pop-Hoolista - Cosodipinto Edition,Pop-hoolista
7186,Come no,Come no by Gemitaiz (Ft. Sebastian / Killa Cali & Yojimbo),gemitaiz,Quello Che Vi Consiglio Vol. 7,LOCURA
10033,Come no,Come no by Shiva,shiva,,SANTANA MONEY GANG
3102,Complicato,Complicato by Sfera Ebbasta (Ft. Paky),sfera ebbasta,X2VR,X2VR
4771,Complicato,Complicato by Vacca,vacca,Bad Reputation,Bad Reputation
743,Con me,Con me by Babaman,babaman,Raggasonico,Raggasonico
7210,Con me,Con me by Gemitaiz,gemitaiz,Quello Che Vi Consiglio Vol. 6,MĀYĀ
8678,Conta Su Di Me,Conta Su Di Me by Cor Veleno (Ft. Coez),cor veleno,Lo Spirito Che Suona,Lo Spirito Che Suona
924,Conta Su Di Me,Conta Su Di Me by Guè (Ft. Big Boy Caprice),guè pequeno,Il Ragazzo D’Oro: 10 Anni Dopo,Il Ragazzo D'Oro
3894,Contronatura,Contronatura by Caparezza,caparezza,Exuvia,Exuvia
596,Contronatura,Contronatura by Nerone,nerone,PENKILLER,PENKILLER
10065,Corvi,Corvi by Shiva,shiva,Tempo Anima,Tempo anima
3841,Corvi,Corvi by Tedua,tedua,Don’t Panic,Don't Panic
3910,Cover,Cover by Caparezza,caparezza,Museica,Museica
6389,Cover,Cover by Entics,entics,,Cover
7341,Covid-19 Freestyle,Covid-19 Freestyle by Gemitaiz,gemitaiz,,Luga Pandemic
8351,Covid-19 Freestyle,Covid-19 Freestyle by MadMan,madman,,Luga Pandemic
5774,Cowboy,Cowboy by Emis Killa & Jake La Furia (Ft. Tedua),emis killa,17 (Dark Edition),17
6252,Cowboy,Cowboy by Willie Peyote,willie peyote,Sulla riva del fiume,Sulla riva del fiume
8034,Crack,Crack by Coez (Ft. Massimo Pericolo & Salmo),coez,Volare,Volare
11094,Crack,Crack by Marracash,marracash,Status (Vendetta Edition),Status
6718,Credi,Credi by Nesli,nesli,Ego,Ego
2359,Credi,Credi by Rocco Hunt (Ft. Eros Ramazzotti),rocco hunt,’A Verità 2.0,'A verità
10197,Cuore Nero,Cuore Nero by Caneda,caneda,Neda Si Sveglia a Mezzanotte,Bottiglie Vuote (feat. Max Pezzali)
1533,Cuore Nero,Cuore Nero by Piotta,piotta,Suburra (final season) [Original soundtrack],Suburra (final season) (Original soundtrack)
8380,C’est la vie,C'est la vie by Achille Lauro,achille lauro,1969 - Achille Idol Rebirth,1969 - Achille Idol Rebirth
4679,C’est la vie,C’est la vie by Vacca (Ft. Jamil),vacca,DON ,DON
8044,DM,DM by Coez & Frah Quintale (Ft. Guè),coez,Lovebars,Lovebars
9049,DM,DM by Dark Polo Gang,dark polo gang,The Dark Album,The Dark Album
551,DM,DM by Nerone & Warez (Ft. G. Nano),nerone,DM EP,DM
9945,DM,DM by Nitro,nitro,No Comment,No Comment
4137,Dal tramonto all’alba,Dal tramonto all'alba by Bassi Maestro (Ft. Supa (CDB)),bassi maestro,Foto di gruppo,Foto di gruppo
10498,Dal tramonto all’alba,Dal tramonto all'alba by Mondo Marcio,mondo marcio,Cose Dell’Altro Mondo Mondo Marcio: Special Edition,Cose dell'altro Mondo Marcio (Special Edition)
9566,Danger,Danger by Dani Faiv (Ft. Gianni Bismark),dani faiv,Teoria Del Contrario Mixtape Vol. 2,Teoria Del Contrario Mixtape Vol. 2
9953,Danger,Danger by Nitro,nitro,Danger,Danger
4139,Dangerous,Dangerous by Bassi Maestro (Ft. Club Dogo & Mondo Marcio),bassi maestro,L’Ultimo Testimone,L'Ultimo Testimone
1118,Dangerous,Dangerous by Guè,guè pequeno,Rimo Da Quando,Gentleman
844,Daytona,Daytona by Guè (Ft. Marracash),guè pequeno,GVESVS,GVESVS
9653,Daytona,Daytona by Salmo,salmo,Hellvisback Platinum,Hellvisback
4141,Dedicated,Dedicated by Bassi Maestro,bassi maestro,Hate,HATE
969,Dedicated,Dedicated by Guè & Rasty Kilo (Ft. Noyz Narcos),guè pequeno,KG,KG
9071,Demoni,Demoni by Dark Polo Gang,dark polo gang,The Dark Album,The Dark Album
5865,Demoni,Demoni by Emis Killa,emis killa,,Demoni
8293,Demoni,Demoni by MadMan,madman,LONEWOLF,LONEWOLF
2025,Dexter,Dexter by Fabri Fibra (Ft. Nitro & Salmo),fabri fibra,Squallor,Squallor
10593,Dexter,Dexter by Mondo Marcio,mondo marcio,Musica da serial killer,Musica da Serial Killer
3076,Dexter,Dexter by Sfera Ebbasta,sfera ebbasta,,Dexter
6008,Di Tutti I Colori,Di Tutti I Colori by Bushwaka,bushwaka,Pandamonium,Depresso fortunato
5870,Di Tutti I Colori,Di Tutti I Colori by Emis Killa (Ft. Jake La Furia),emis killa,Keta Music - Volume 2,Keta Music - Volume 2
10180,Diamanti,Diamanti by Caneda,caneda,,Diamanti
8685,Diamanti,Diamanti by Cor Veleno,cor veleno,Nuovo Nuovo,Nuovo Nuovo
7115,Diario di bordo,Diario di bordo by Gemitaiz & MadMan,gemitaiz,Kepler (Gold Edition),Kepler
1584,Diario di bordo,Diario di bordo by Piotta,piotta,La grande onda,La grande onda
8390,Dio C’è,Dio C'è by Achille Lauro,achille lauro,Dio c’è,Dio c'è (Deluxe Version)
2106,Dio C’è,Dio C'è by Fabri Fibra,fabri fibra,Squallor,Squallor
7071,Diverso,Diverso by Gemitaiz,gemitaiz,Davide,Davide
4086,Diverso,Diverso by Tony Effe,tony effe,Untouchable,Untouchable
3366,Domani,Domani by Articolo 31 (Ft. Paola Folli),articolo 31,Così com’è,Domani smetto
5299,Domani,Domani by Baby K,baby k,Una Seria,DOMANI
6530,Domani,Domani by Ernia,ernia,68 (Till The End),68
7149,Domani,Domani by Gemitaiz,gemitaiz,Nonostante Tutto ,Nonostante Tutto
636,Domani,Domani by Nerone (Ft. Heartman),nerone,PENKILLER,PENKILLER
10030,Domani,Domani by Shiva,shiva,Routine EP,Routine EP
5607,Dreams,Dreams by Geolier,geolier,Emanuele (Marchio registrato),Emanuele
2844,Dreams,Dreams by Johnny Marsiglia & Big Joe (Ft. Stokka & MadBuddy),johnny marsiglia,Fantastica Illusione,Fantastica illusione
3305,Dritto al Cuore,Dritto al Cuore by Ghemon,ghemon,Aspetta Un Minuto Mixtape,Splende
9370,Dritto al Cuore,"Dritto al Cuore by Papa V, Nerissima Serpe & Fritu",papa v,Mafia Slime 2,Mafia Slime 2
5317,Easy,Easy by Baby K,baby k,,Easy Money Baby
9496,Easy,Easy by Dani Faiv (Ft. Luana Faiv),dani faiv,Scusate se esistiamo,Scusate se esistiamo
10587,Easy,Easy by Mondo Marcio (Ft. Danti & Nesli),mondo marcio,Musica da serial killer,Musica da Serial Killer
1697,Eclissi,Eclissi by Clementino (Ft. J Lord & Speranza),clementino,Black Pulcinella,Black Pulcinella
7200,Eclissi,Eclissi by Gemitaiz (Ft. Neffa),gemitaiz,Eclissi,Eclissi
2675,Effe,Effe by Inoki,inoki,,Hermes Sound-Effect Ringt1 & Alert Collection Vol.1
4056,Effe,Effe by Tony Effe,tony effe,Untouchable,Non Basta Mai (feat. Bresh & Tony Effe)
2077,El Diablo,El Diablo by Fabri Fibra,fabri fibra,Caos,Caos
2807,El Diablo,El Diablo by YEИDRY,yeиdry,,El Diablo
6405,Equilibrio,Equilibrio by Entics (Ft. Ensi),entics,Soundboy,MUSICA ETERNA
2067,Equilibrio,Equilibrio by Fabri Fibra,fabri fibra,Fenomeno,Fenomeno
813,Equilibrio,Equilibrio by Guè,guè pequeno,Vero - 10 Anni Dopo,Vero
3079,Equilibrio,Equilibrio by Sfera Ebbasta,sfera ebbasta,Sfera Ebbasta,Sfera Ebbasta
10184,Eroi,Eroi by Caneda,caneda,Nato nell’acqua,Nato nell'acqua
4545,Eroi,Eroi by Ensi (Ft. Julia Lenti),ensi,Rock Steady,Rock Steady
7914,Euro,Euro by Jack The Smoker,jack the smoker,Ho fatto tardi,Ho Fatto Tardi
10645,Euro,Euro by Mondo Marcio,mondo marcio,Il Fumo Uccide,Animale in gabbia
4123,Everyday,Everyday by Bassi Maestro,bassi maestro,Background ,Background
2860,Everyday,Everyday by Johnny Marsiglia & Big Joe (Ft. Ensi),johnny marsiglia,Orgoglio,Orgoglio
4424,Extasy,Extasy by Ghali,ghali,DNA Deluxe X,DNA
8847,Extasy,Extasy by Highsnob,mike24,KINTSUGI,È (BANGER)
9510,Facile,Facile by Dani Faiv,dani faiv,Fruit Joint + Gusto,Fruit Joint + Gusto
6455,Facile,Facile by Entics,entics,Entics Television Vol. 3,"Entics Television, Vol. 3"
5207,Facile,Facile by Luchè,luchè,Potere (Il Giorno Dopo),Potere
10214,Fame,Fame by Caneda,caneda,La dolce vita,La dolce vita
8623,Fame,Fame by Rkomi,rkomi,Calvairate Mixtape Vol. 1,FAME
9081,Fantasmi,Fantasmi by Dark Polo Gang,dark polo gang,Sick Side,Sick Side
2903,Fantasmi,Fantasmi by Rose Villain (Ft. Geolier),rose villain,Radio Gotham,Radio Gotham
7905,Fashion Week,Fashion Week by Jack The Smoker (Ft. Dani Faiv),jack the smoker,Ho fatto tardi,Ho Fatto Tardi
3788,Fashion Week,Fashion Week by Tedua,tedua,Mowgli,Mowgli
5318,Feeling,Feeling by Baby K (Ft. Ntò),baby k,Lezioni di Volo,Feeling Good: Her Greatest Hits And Remixes
6523,Feeling,Feeling by Ernia,ernia,Come Uccidere Un Usignolo (67 Edition),Come Uccidere Un Usignolo
8124,Fenomeno,Fenomeno by Coez,coez,Fenomeno Mixtape,Faccio un casino
6505,Fenomeno,Fenomeno by Ernia (Ft. IZI & Moses Sangare),ernia,,Fenomeno
2003,Fenomeno,Fenomeno by Fabri Fibra,fabri fibra,Il tempo vola 2002-2020,Fenomeno
10779,Fenomeno,Fenomeno by Fred De Palma,fred de palma,BoyFred,BoyFred
7711,Fino all’alba,Fino all'alba by Brusco,brusco,Fino all’alba,Fino All'Alba
7556,Fino all’alba,Fino all'alba by Tony Boy,tony boy,Going Hard 3,Going Hard 3
8146,Follow Me,Follow Me by Coez,coez,21 Motivi ,Gata Only
998,Follow Me,Follow Me by Guè (Ft. Ernia & Ghali),guè pequeno,Fastlife Mixtape Vol. 3,Dinamite (2022 Remaster)
7033,Forte,Forte by Gemitaiz,gemitaiz,Nonostante Tutto ,Nonostante Tutto
6844,Forte,Forte by MamboLosco & Boro,mambolosco,Caldo ,Caldo
7389,Fortuna,Fortuna by DrefGold,drefgold,Kanaglia,Kanaglia
7527,Fortuna,Fortuna by Tony Boy (Ft. Artie 5ive),tony boy,NOSTALGIA (export),NOSTALGIA (export)
6671,Fragile,Fragile by Nesli,nesli,Nesliving Vol. 2 - Fragile,Fragile - Nesliving Vol. 2
3117,Fragile,Fragile by Sfera Ebbasta,sfera ebbasta,X2VR,X2VR
1756,Fratello,Fratello by Clementino (Ft. Jovanotti),clementino,Mea Culpa (Gold Edition),Mea Culpa (Gold Edition)
7587,Fratello,Fratello by Tony Boy,tony boy,,Fratello
10226,Freddo,Freddo by Caneda,caneda,,Freddo
1679,Freddo,Freddo by Clementino,clementino,Tarantelle,Tarantelle
2838,Freddo,Freddo by Johnny Marsiglia,johnny marsiglia,GARA 7,GARA 7
4028,Freestyle,Freestyle by Caparezza (Ft. Juso Tha Juice),caparezza,Zappa,MBAPPÉ
2184,Freestyle,Freestyle by Fabri Fibra,fabri fibra,Quorum,Fenomeno
5061,Freestyle,Freestyle by Il Tre,il tre,,INVISIBILI
2616,Freestyle,Freestyle by Inoki,inoki,PMC vs Club Dogo - The Official Mixtape ,"The Newkingztape, Vol. 1"
11154,Freestyle,Freestyle by Marracash,marracash,Benvenuti In Borgata,Fastlife 4
10656,Freestyle,Freestyle by Mondo Marcio (Ft. Beng (ITA)),mondo marcio,Di Quello Buono,"Street Collection, Vol. 2 (2008 Remastered)"
7885,Freestyle,Freestyle by Noyz Narcos,noyz narcos,Benvenuti In Borgata,Verano Zombie
8951,Freestyle,Freestyle by Rancore & DJ Myke,rancore,Elettrico,Elettrico
4860,Fresh,Fresh by Vacca,vacca,Bad Reputation,Bad Reputation
6223,Fresh,Fresh by Willie Peyote,willie peyote,"Non è il mio genere, il genere umano","Non è il mio genere, il genere umano"
6446,Fuoco,Fuoco by Entics,entics,Ganja Chanel,MĀYĀ
10080,Fuoco,Fuoco by Shiva,shiva,Solo,Solo
1397,Fuoco,Fuoco by Skioffi,skioffi,Benjamin,Benjamin
7653,Fuoco,Fuoco by Tony Boy,tony boy,Non hai mai Mixtape,Containers
7039,Fuori,Fuori by Gemitaiz,gemitaiz,Davide,Scatola Nera
863,Fuori,Fuori by Guè,guè pequeno,Bravo Ragazzo (Royal Edition),Bravo Ragazzo (Royal Edition)
5011,Fuori Da Qui,Fuori Da Qui by Il Tre,il tre,Cracovia Vol. 2,LA BELLAVITA
2748,Fuori Da Qui,Fuori Da Qui by Jake La Furia (Ft. Luca Carboni),jake la furia,Fuori Da Qui,Fuori Da Qui
2840,Fuori Piove,Fuori Piove by Johnny Marsiglia & Big Joe (Ft. Frank Siciliano),johnny marsiglia,Fantastica Illusione,Fantastica illusione
8223,Fuori Piove,Fuori Piove by MadMan,madman,"MM, Vol. 3",MM Vol. 3
8114,Fuori orario,Fuori orario by Coez,coez,From The Rooftop 2,From The Rooftop 2
816,Fuori orario,Fuori orario by Guè,guè pequeno,Vero - 10 Anni Dopo,Vero
8437,G,G by Achille Lauro,achille lauro,Achille Idol Immortale,Incoscienti Giovani
2797,G,G by Doll Kill,doll kill,,G
1332,G,G by Massimo Pericolo,massimo pericolo,SOLO TUTTO,Madreperla
7386,GG,GG by DrefGold,drefgold,Kanaglia,Kanaglia
7606,GG,GG by Tony Boy,tony boy,Going Hard 2,Going Hard 2
8415,Ghost,Ghost by Achille Lauro,achille lauro,Achille Idol Immortale,Achille Idol Immortale
791,Ghost,Ghost by Niky Savage,niky savage,,DE PUTA MADRE 3
9024,Ghost Track,Ghost Track by Dark Polo Gang,dark polo gang,,Fiumi
1981,Ghost Track,Ghost Track by La Pina,la pina,(Il cd del-)La Pina,Tribulation
2462,Ghost Track,Ghost Track by Mistaman & DJ Shocca,mistaman,Colpi In Aria ,Demon Days
2650,Gioventù Bruciata,Gioventù Bruciata by Inoki (Ft. El Rae Reale),inoki,,Gioventù Bruciata
1480,Gioventù Bruciata,Gioventù Bruciata by Mahmood,mahmood,Gioventù Bruciata,Gioventù Bruciata
1294,Giungla,Giungla by Capo Plaza,capo plaza,Hustle Mixtape,Hustle Mixtape
1715,Giungla,Giungla by Clementino (Ft. Rocco Hunt),clementino,Mea Culpa (Gold Edition),Mea Culpa (Gold Edition)
8298,Good Vibes,Good Vibes by MadMan (Ft. Mattaman & Rik Rox),madman,LONEWOLF,LONEWOLF
6870,Good Vibes,Good Vibes by MamboLosco (Ft. Tony Boy),mambolosco,Facendo Faccende,Facendo Faccende
6515,Gotham,Gotham by Ernia,ernia,Come Uccidere Un Usignolo (67 Edition),Come Uccidere Un Usignolo
10526,Gotham,Gotham by Mondo Marcio,mondo marcio,,Gotham
2921,Gotham,Gotham by Rose Villain,rose villain,Radio Gotham,Radio Gotham
9989,Gotham,Gotham by Shiva (Ft. Kid Yugi),shiva,Milano Angels,Milano Angels
3195,Grande,Grande by Ghemon,ghemon,La rivincita dei buoni,La rivincita dei buoni
8269,Grande,Grande by MadMan,madman,Back Home,Back Home
7904,Grazie a me,Grazie a me by Jack The Smoker (Ft. Gemitaiz & MadMan),jack the smoker,Jack Uccide,Jack uccide
6990,Grazie a me,Grazie a me by Mr.Rain,mr. rain,Memories,Grazie a me
74,Grizzly,Grizzly by Beba,beba,,Grizzly
5039,Grizzly,Grizzly by Il Tre,il tre,Cracovia,Scatola Nera
8483,Groupie,Groupie by Achille Lauro,achille lauro,Achille Idol Immortale,Achille Idol Immortale
70,Groupie,Groupie by Beba,beba,,Groupie
10029,Guai,Guai by Shiva,shiva,,SANTANA MONEY GANG
7560,Guai,Guai by Tony Boy,tony boy,Umile (Deluxe),Umile (Deluxe)
705,Guerrieri Del Microfono,Guerrieri Del Microfono by Babaman (Ft. Guè),babaman,Dinamite,Dinamite (2022 Remaster)
1127,Guerrieri Del Microfono,Guerrieri Del Microfono by Guè,guè pequeno,Rimo Da Quando,Dinamite (2022 Remaster)
5255,HO PAURA DI USCIRE,HO PAURA DI USCIRE by Luchè,luchè,,SANTANA MONEY GANG
9623,HO PAURA DI USCIRE,HO PAURA DI USCIRE by Salmo,salmo,PLAYLIST LIVE,MACHETE MIXTAPE 4
364,HOT,HOT by Lazza,lazza,LOCURA,LOCURA (Opera)
7574,HOT,HOT by Tony Boy,tony boy,Umile (Deluxe),Umile
7300,Hallelujah,Hallelujah by Gemitaiz (Ft. Jesto & Maut),gemitaiz,Quello Che Vi Consiglio Vol. 1,Eclissi
1393,Hallelujah,Hallelujah by Skioffi,skioffi,,WE THE SQUAD Vol. 1 (SUMMER EDITION)
8058,Hangover,Hangover by Coez,coez,Non erano fiori,Non erano fiori
7093,Hangover,Hangover by Gemitaiz,gemitaiz,Nonostante Tutto Reloaded,"Nonostante Tutto (Inediti, Rarità, Live E Remix)"
4421,Hasta la vista,Hasta la vista by Ghali,ghali,,Hasta la vista (feat. ANNA) [Remix]
566,Hasta la vista,Hasta la vista by Nerone (Ft. Boro),nerone,MAXTAPE,MAXTAPE
6599,Hikikomori,Hikikomori by Don Joe (Ft. Emis Killa & Niky Savage),don joe,,"Hikikomori (feat. Niky Savage, Emis Killa)"
6251,Hikikomori,Hikikomori by Willie Peyote,willie peyote,Pornostalgia,Pornostalgia
8199,Hollywood,Hollywood by MadMan (Ft. Gemitaiz),madman,Back Home,Back Home
3077,Hollywood,Hollywood by Sfera Ebbasta,sfera ebbasta,Famoso,Famoso
6980,Honey,Honey by Mr.Rain,mr. rain,Memories,Take the Rainbow Train
4827,Honey,Honey by Vacca (Ft. KushGad),vacca,Bad Reputation,Bad Reputation
6858,IDGAF,IDGAF by MamboLosco,mambolosco,Arte,Arte
4809,IDGAF,IDGAF by Vacca,vacca,,IDGAF
2543,IMMORTALI,IMMORTALI by Inoki,inoki,NUOVO MEDIOEGO,The Jazzness
7019,IMMORTALI,IMMORTALI by Mr.Rain,mr. rain,Pianeta di Miller,Pianeta di Miller
5639,IN TRAPPOLA,IN TRAPPOLA by Geolier (Ft. Lele Blade),geolier,IL CORAGGIO DEI BAMBINI - ATTO II,IL CORAGGIO DEI BAMBINI
9661,IN TRAPPOLA,IN TRAPPOLA by Salmo,salmo,FLOP,FLOP
9333,INTRO,INTRO by ANNA,anna pepe,VERA BADDIE,SANTANA MONEY GANG
5148,INTRO,INTRO by M¥SS KETA (Ft. David Blank),miss keta,CLUB TOPPERIA,L'ANGELO DALL'OCCHIALE DA SERA: COL CUORE IN GOLA
7861,INTRO,INTRO by Noyz Narcos,noyz narcos,VIRUS (Deluxe),Verano Zombie
8613,INTRO,INTRO by Rkomi,rkomi,TAXI DRIVER,TAXI DRIVER
4921,INTRO,INTRO by Vacca & Giovane Feddini,vacca,GRAVEYARD DUPPIES,Faccio Quello Che Voglio
10263,Il Diavolo,Il Diavolo by Caneda,caneda,Sinatra Mixtape,Maschio
8942,Il Diavolo,Il Diavolo by Rancore & DJ Myke,rancore,Elettrico,Elettrico
5203,Il Mio Nome,Il Mio Nome by Luchè,luchè,Malammore,Malammore
6656,Il Mio Nome,Il Mio Nome by Nesli (Ft. Fabri Fibra & Maxi B),nesli,Home,Home
2635,Il Tempo,Il Tempo by Inoki (Ft. Mic Meskin),inoki,The NewKingzTape Vol. 1,DE PUTA MADRE 3
6783,Il Tempo,Il Tempo by Nesli,nesli,L’Amore è Qui,L'Amore E' Qui
9410,Illegale,Illegale by Samuel Costa,samuel heron,Genkidama,Genkidama
4887,Illegale,Illegale by Vacca,vacca,Sporco,Sporco
6659,Immagini,Immagini by Nesli,nesli,Vengo In Pace,Vengo In Pace
4940,Immagini,Immagini by Vacca,vacca,Get Maad,Immagini Ancora
1101,Immobile,Immobile by Guè (Ft. Ricardo),guè pequeno,Rimo Da Quando,Immobile
8156,Immobile,"Immobile by Shablo (Ft. Adam Clay, Caneda, Dankery Harv & Guè)",shablo,,Immobile
819,Immortale,Immortale by Guè (Ft. Sfera Ebbasta),guè pequeno,Mr. Fini,Mr. Fini
10487,Immortale,Immortale by Mondo Marcio & Bassi Maestro,mondo marcio,Mondoteismo,Vieni a prenderci
2159,In Alto,In Alto by Fabri Fibra (Ft. Simona Barbieri McKenzie),fabri fibra,Rima Dopo Rima,Controcultura
1122,In Alto,In Alto by Guè,guè pequeno,Rimo Da Quando,Hype
4589,In Aria,In Aria by Ensi (Ft. Raige),ensi,Vendetta,VENDETTA
6356,In Aria,In Aria by Entics (Ft. Guè),entics,Soundboy,Soundboy
4587,In Faccia,In Faccia by Ensi (Ft. Rayden (ITA)),ensi,Vendetta,VENDETTA
11093,In Faccia,In Faccia by Marracash,marracash,King Del Rap,King Del Rap
9106,Infame,Infame by Dark Polo Gang,dark polo gang,Succo Di Zenzero,Succo Di Zenzero
5224,Infame,Infame by Luchè,luchè,L2,L2
7805,Infame,Infame by Noyz Narcos (Ft. Chicoria),noyz narcos,Verano Zombie,Verano Zombie
3246,Infinito,Infinito by Ghemon,ghemon,E Vissero Feriti E Contenti,E Vissero Feriti E Contenti
7619,Infinito,Infinito by Tony Boy,tony boy,Non C’è Futuro - EP,Non C'è Futuro
8528,Intro,Intro by Achille Lauro,achille lauro,Barabba (Web Version),I Nomi del Diavolo
3482,Intro,Intro by Articolo 31,articolo 31,Strade di Città,PROTOMARANZA
5339,Intro,Intro by Baby K,baby k,Una Seria,KIRK
4273,Intro,Intro by Bassi Maestro,bassi maestro,Seven: The Street Prequel,Dead poets
108,Intro,Intro by Beba,beba,Joker Mixtape,Intro
10296,Intro,Intro by Caneda,caneda,Sinatra Mixtape,The North Atlantic Jazz Connection
4000,Intro,Intro by Caparezza,caparezza,?! (Caparezza ?!),?!
1796,Intro,Intro by Clementino (Ft. Robertino MC),clementino,Bengala,Napoli Manicomio
8141,Intro,Intro by Coez,coez,Figlio Di Nessuno,Fino Al Collo
9181,Intro,Intro by Colle Der Fomento,colle der fomento,Scienza Doppia H,Scienza Doppia H
9057,Intro,Intro by Dark Polo Gang,dark polo gang,Full Metal Dark,Sick Side
4598,Intro,Intro by Ensi,ensi,Vendetta,VENDETTA
2183,Intro,Intro by Fabri Fibra,fabri fibra,Tradimento 10 Anni - Reloaded,Caos
10913,Intro,Intro by Fedez,fedez,Il mio primo disco da venduto,Comunisti col Rolex (Multiplatinum Edition)
10790,Intro,Intro by Fred De Palma,fred de palma,Lettera al Successo,Uebe
5587,Intro,Intro by Geolier,geolier,Emanuele (Marchio registrato),Emanuele
8845,Intro,Intro by Highsnob,mike24,KINTSUGI,Late Night
2585,Intro,Intro by Inoki,inoki,Fabiano Detto Inoki,Fabiano detto Inoki
6018,Intro,Intro by J-Ax,j-ax,25 Ax - Il bello di essere J-Ax ,Il bello d'esser brutti Multiplatinum Edition
2891,Intro,Intro by Johnny Marsiglia,johnny marsiglia,Radiografia - EP,L.U.N.A.
469,Intro,Intro by Lazza,lazza,Destiny Mixtape,Lazzaro EP
1982,Intro,Intro by La Pina,la pina,(Il cd del-)La Pina,Il Cd Della Pina
5243,Intro,Intro by Luchè (Ft. Paola Imprudente),luchè,Potere (Il Giorno Dopo),Potere
8191,Intro,Intro by MadMan,madman,"MM, Vol. 2",MM Vol. 2
2491,Intro,Intro by Mistaman,mistaman,Dentro La Mia Mente,Dentro La Mia Mente
6987,Intro,Intro by Mr.Rain,mr. rain,Butterfly Effect 2.0,Butterfly Effect
3666,Intro,Intro by Neffa,neffa,"I molteplici mondi di Giovanni, Il cantante Neffa","I Molteplici Mondi Di Giovanni, Il Cantante Neffa"
666,Intro,Intro by Nerone,nerone,N Mixtape,MAXTAPE
6704,Intro,Intro by Nesli,nesli,Ego,Ego
7841,Intro,Intro by Noyz Narcos & Fritz Da Cat,noyz narcos,Localz Only,Verano Zombie
8921,Intro,Intro by Rancore,rancore,SeguiMe/REMIND 2006,Seguime / Remind 2006
9790,Intro,Intro by Salmo,salmo,The Island Chainsaw Massacre (The Ultimate Reloaded),The Island Chainsaw Massacre (The Ultimate Reloaded)
8162,Intro,Intro by Shablo,shablo,PMC vs Club Dogo - The Official Mixtape ,Apogeo
1408,Intro,Intro by Skioffi,skioffi,Allindennoman / alter ego,Allindennoman (alter ego)
4843,Intro,Intro by Vacca,vacca,Faccio quello che voglio,Faccio Quello Che Voglio
6243,Intro,Intro by Willie Peyote,willie peyote,Iodegradabile,Funk Shui Project
1976,Io Ci Sarò,Io Ci Sarò by La Pina (Ft. Polare),la pina,Cora,Cora
6773,Io Ci Sarò,Io Ci Sarò by Nesli,nesli,Nesliving Vol.1 ,Nesliving Vol. 1
7990,Io No,Io No by Jack The Smoker,jack the smoker,Smokin’ Room Mixtape vol. 1,Jack uccide
2861,Io No,Io No by Johnny Marsiglia & Big Joe,johnny marsiglia,Fantastica Illusione,Fantastica illusione
903,Io non ho paura,Io non ho paura by Guè,guè pequeno,Gentleman - Red Version,Gentleman (The Complete Playlist)
1598,Io non ho paura,Io non ho paura by Piotta (Ft. Ginko),piotta,’na notte infame,'na notte infame
729,Istinto Animale,Istinto Animale by Babaman,babaman,Raggasonico,Raggasonico
6603,Istinto Animale,"Istinto Animale by Don Joe (Ft. Annalisa, Ernia & Guè)",don joe,,"Istinto Animale (feat. Guè, Annalisa, Ernia)"
5773,Jack,Jack by Emis Killa,emis killa,Terza Stagione,Terza Stagione
10552,Jack,Jack by Mondo Marcio (Ft. Jack The Smoker),mondo marcio,Fuori di Qua!,"Machete Mixtape, Vol. 3"
8420,Je t’aime,Je t'aime by Achille Lauro (Ft. Coez),achille lauro,1969 - Achille Idol Rebirth,1969 - Achille Idol Rebirth
5695,Je t’aime,Je t'aime by Shade (Ft. Bouchra),shade,Truman (Sanremo Edition),Truman
1434,Je t’aime,Je t'aime by Skioffi,skioffi,ALICE EP,Alice
5345,Jungle,Jungle by Baby K,baby k,,Babylon By Bus
3783,Jungle,Jungle by Tedua,tedua,Mowgli,Mowgli
7086,Karate,Karate by Gemitaiz & MadMan (Ft. Mahmood),gemitaiz,Scatola nera,Scatola Nera
1161,Karate,Karate by Mudimbi,mudimbi,,Karate
2774,Karma,Karma by Doll Kill,doll kill,Oh My Doll EP,Oh My Doll - EP
5235,Karma,Karma by Luchè (Ft. CoCo),luchè,Dove Volano Le Aquile Vol. 2,Dove Volano Le Aquile
1505,Karma,Karma by Mahmood (Ft. Woodkid),mahmood,Ghettolimpo,Ghettolimpo
6817,Karma,Karma by MamboLosco (Ft. Rondodasosa),mambolosco,Facendo Faccende,Facendo Faccende
9895,Karma,Karma by Tormento,tormento,Alibi,Karmadillo (feat. Caneda & Tormento)
5279,Killer,Killer by Baby K (Ft. Tiziano Ferro),baby k,Una Seria,Una seria
1411,Killer,Killer by Skioffi,skioffi,,Killer
9164,King Kong vs. Godzilla,King Kong vs. Godzilla by Colle Der Fomento,colle der fomento,Scienza Doppia H,Scienza Doppia H
542,King Kong vs. Godzilla,King Kong vs. Godzilla by Nerone & Ensi,nerone,BRAVA GENTE EXTRA,BRAVA GENTE
3207,Kintsugi,Kintsugi by Ghemon,ghemon,Mezzanotte,Mezzanotte
8855,Kintsugi,Kintsugi by Highsnob,mike24,KINTSUGI,KINTSUGI
8218,Kournikova,Kournikova by MadMan,madman,Doppelganger,Doppelganger
54,Kournikova,Kournikova by Rosa Chemical,rosa chemical,,Kournikova
3331,LA FINE,LA FINE by Ghemon,ghemon,Una cosetta così,Una cosetta così
9724,LA FINE,LA FINE by Salmo & Noyz Narcos,salmo,CVLT – HELLRAISERS,CVLT
11009,LEI,LEI by Marracash,marracash,È FINITA LA PACE,È FINITA LA PACE
5142,LEI,LEI by M¥SS KETA,miss keta,. (PUNTO),Misteria
4262,La Bomba,La Bomba by Bassi Maestro,bassi maestro,Classico,Classico
1097,La Bomba,La Bomba by Guè,guè pequeno,Rimo Da Quando,Hagakure
1914,La Chiave,"La Chiave by Club Dogo (Ft. Roberto Baldi, Stylophonic & Zenîma)",club dogo,Vile Denaro - 10th Anniversary,Vile Denaro
5461,La Chiave,La Chiave by Dargen D'Amico,dargen d_amico,Ciao America,Ciao America
5373,La Mia Generazione,La Mia Generazione by Dargen D'Amico,dargen d_amico,D’iO ,D'Io
10967,La Mia Generazione,La Mia Generazione by Fedez (Ft. Giso),fedez,BCPT Mixtape,SANTANA MONEY GANG
6325,La Scelta,La Scelta by 99 Posse,99 posse,La vida que vendrà,La vida que vendrà
3880,La Scelta,La Scelta by Caparezza,caparezza,Exuvia,Exuvia
5331,La Verità,La Verità by Baby K,baby k,Una Seria,Una seria
4255,La Verità,La Verità by Bassi Maestro,bassi maestro,Sushi EP,Sushi - EP
1889,La Verità,La Verità by Club Dogo,club dogo,Vile Denaro - 10th Anniversary,Vile Denaro
2614,La Verità,La Verità by Inoki (Ft. LamaIslam),inoki,5° Dan,5° Dan
3808,La Verità,La Verità by Tedua (Ft. ​bnkr44),tedua,La Divina Commedia - Paradiso,La Divina Commedia
4815,La Verità,La Verità by Vacca,vacca,Bad Reputation,Bad Reputation
7942,La legge del più forte,La legge del più forte by Jack The Smoker,jack the smoker,V.Ita,V.Ita
3740,La legge del più forte,La legge del più forte by Tedua,tedua,Mowgli,Mowgli
112,La prima volta,La prima volta by Beba,beba,,La prima volta
9621,La prima volta,La prima volta by Salmo,salmo,The Island Chainsaw Massacre,The Island Chainsaw Massacre
7327,La risposta,La risposta by Gemitaiz & MadMan,gemitaiz,Haterproof,COME SE NULLA FOSSE (feat. Pablo CT1)
5208,La risposta,La risposta by Luchè,luchè,L1,L1
4385,Lacrime,Lacrime by Ghali,ghali,Album,Album
4071,Lacrime,Lacrime by Tony Effe (Ft. Tedua),tony effe,Untouchable,Untouchable
8454,Lacrimogeni,Lacrimogeni by Achille Lauro (Ft. Caputo & Gogna),achille lauro,Barabba (Web Version),I Nomi del Diavolo
8852,Lacrimogeni,Lacrimogeni by Highsnob,mike24,KINTSUGI,radio vega
10326,Ladro di te,Ladro di te by Caneda,caneda,,Ladro di Te
1592,Ladro di te,Ladro di te by Piotta,piotta,Tommaso,Tommaso
2049,Lascia stare,Lascia stare by Fabri Fibra,fabri fibra,Fenomeno,Fenomeno
2428,Lascia stare,Lascia stare by Mistaman (Ft. Mecna),mistaman,M-Theory,M-theory
9525,Lassù,Lassù by Dani Faiv,dani faiv,Teoria Del Contrario Mixtape Vol. 2,Teoria Del Contrario Mixtape Vol. 2
10097,Lassù,Lassù by Shiva (Ft. Sercho),shiva,Solo,Solo
10523,Lavoro,Lavoro by Mondo Marcio (Ft. Jack The Smoker),mondo marcio,In Cosa Credi,In cosa credi
7558,Lavoro,Lavoro by Tony Boy,tony boy,Going Hard 3,Going Hard 3
8543,Leggenda,Leggenda by Achille Lauro (Ft. Matt er Nero),achille lauro,Harvard,I Nomi del Diavolo
2975,Leggenda,Leggenda by Rondodasosa,rondodasosa,,Leggenda
3071,Leggenda,Leggenda by Sfera Ebbasta,sfera ebbasta,Rockstar (Popstar Edition),Rockstar
687,Lei,Lei by Babaman,babaman,Monkee Bizniz Vol. 4,Lei
4564,Lei,Lei by Ensi,ensi,Vendetta,VENDETTA
2288,Libertà,Libertà by Rocco Hunt,rocco hunt,Libertà,Libertà
9444,Libertà,Libertà by Samuel Costa,samuel heron,,Paninaro 2.0
4267,Lo sanno,Lo sanno by Bassi Maestro (Ft. Meddaman & Tormento),bassi maestro,Classico,Classico
557,Lo sanno,Lo sanno by Nerone,nerone,Max,Max
8031,Lontana da me,Lontana da me by Coez,coez,Non erano fiori,Non erano fiori
6391,Lontana da me,Lontana da me by Entics,entics,Carpe diem,Carpe Diem
6772,Lontano,Lontano by Nesli,nesli,Nesliving Vol. IV - Il seme cattivo,Nesliving Vol. 4 - Il seme cattivo
7642,Lontano,Lontano by Tony Boy,tony boy,,Lontano
10168,Lucciole,Lucciole by Caneda,caneda,Ancora3cmdiossigeno,Mozart Nella Giungla
1465,Lucciole,Lucciole by Skioffi,skioffi,,Dove c'è l'arcobaleno
1054,Luce,Luce by Guè (Ft. Reverendo),guè pequeno,Rimo Da Quando,Santeria
2884,Luce,Luce by Johnny Marsiglia (Ft. Hyst),johnny marsiglia,Sentire Non È Ascoltare,L.U.N.A.
5935,Lucifero,Lucifero by Emis Killa,emis killa,,Lucifero
9942,Lucifero,Lucifero by Nitro,nitro,,Lucifero (prod. Yazee)
5304,Luna,Luna by Baby K,baby k,Donna sulla Luna,Donna sulla Luna
1684,Luna,Luna by Clementino,clementino,Miracolo! (Deluxe Edition),Guardando la luna (Napoli RMX)
2098,Luna,Luna by Fabri Fibra (Ft. Mahmood),fabri fibra,Fenomeno (Masterchef) - EP,Turbe Giovanili
1390,Luna,Luna by Skioffi,skioffi,Benjamin,Benjamin
4775,L’Ultima Volta,L'Ultima Volta by Vacca (Ft. Mondo Marcio),vacca,Pazienza,Pazienza
5201,L’Ultima Volta,L’Ultima Volta by Luchè,luchè,Dove Volano Le Aquile Vol. 2,Dove Volano Le Aquile
7195,Mai,Mai by Gemitaiz,gemitaiz,Quello Che Vi Consiglio Vol. 7,"Detto, Fatto."
2448,Mai,Mai by Mistaman & Fid Mella (Ft. Frank Siciliano & Johnny Marsiglia),mistaman,L’universo non esiste,L'universo non esiste
10665,Mai,Mai by Mondo Marcio (Ft. Lapo Raggiro),mondo marcio,Mondoteismo,Generazione X
655,Mai più,Mai più by Nerone,nerone,100k EP,100K
8555,Mai più,Mai più by Rkomi,rkomi,Io in Terra,Io In Terra
2273,Mai più,Mai più by Rocco Hunt (Ft. Achille Lauro),rocco hunt,Libertà,Libertà
5787,Malandrino,Malandrino by Emis Killa & Jake La Furia,emis killa,17 (Dark Edition),17
8801,Malandrino,Malandrino by Highsnob,mike24,Bipopular,ESCI DAL TUNNEL
375,Maleducati,Maleducati by Lazza,lazza,Zzala,Zzala
3130,Maleducati,Maleducati by Sfera Ebbasta (Ft. Capo Plaza & Peppe Soks),sfera ebbasta,,SANTANA MONEY GANG
8373,Mamacita,Mamacita by Achille Lauro (Ft. Vins (ITA)),achille lauro,Pour l’amour,Pour l'amour
5638,Mamacita,Mamacita by Geolier (Ft. Lele Blade),geolier,Emanuele (Marchio registrato),Emanuele
10291,Maradona,Maradona by Caneda,caneda,,Maradona
452,Maradona,Maradona by Lazza,lazza,K1 Mixtape,O Futebol
6368,Marijuana,Marijuana by Entics,entics,Soundboy,Soundboy
4381,Marijuana,Marijuana by Ghali,ghali,Lunga Vita a Sto,Lunga Vita a Sto
317,Marijuana,Marijuana by Yung Snapp (Ft. Rhove),yung snapp,HOTEL MONTANA (Deluxe),Marijuana (feat. Rhove)
7255,May Day,May Day by Gemitaiz (Ft. nayt),gemitaiz,Quello Che Vi Consiglio Vol. 3,Black Panther The Album Music From And Inspired By
462,May Day,May Day by Lazza,lazza,,May Day
2734,Me Gusta,Me Gusta by Jake La Furia (Ft. Alessio La Profunda Melodia),jake la furia,Fuori Da Qui,Fuori Da Qui
6864,Me Gusta,Me Gusta by MamboLosco & Boro,mambolosco,Caldo ,Caldo
2790,Medusa,Medusa by Doll Kill,doll kill,Amore Odio EP,Amore Odio
4739,Medusa,Medusa by Vacca,vacca,Poco di buono 2,Poco Di Buono 2
8472,Memento,Memento by Achille Lauro,achille lauro,Barabba (Web Version),I Nomi del Diavolo
109,Memento,Memento by Beba,beba,Joker Mixtape,X2VR
1248,Memories,Memories by Capo Plaza (Ft. Annalisa),capo plaza,Ferite (Deluxe Edition),FERITE
7023,Memories,Memories by Mr.Rain,mr. rain,Memories,Mr. Typo Track #1
3186,Mezzanotte,Mezzanotte by Ghemon,ghemon,Mezzanotte,Mezzanotte
10438,Mezzanotte,Mezzanotte by Mondo Marcio,mondo marcio,Magico,Magico
3837,Mi Piace,Mi Piace by Tedua (Ft. Giaime),tedua,Orange County Mixtape,La Divina Commedia
4081,Mi Piace,Mi Piace by Tony Effe (Ft. Sfera Ebbasta),tony effe,Untouchable,Untouchable
6865,Mikado,Mikado by MamboLosco (Ft. Emis Killa),mambolosco,Facendo Faccende,Facendo Faccende
8601,Mikado,Mikado by Rkomi,rkomi,Dove Gli Occhi Non Arrivano,Dove Gli Occhi Non Arrivano
4401,Milano,Milano by Ghali,ghali,Album,Album
6872,Milano,Milano by MamboLosco,mambolosco,Facendo Faccende,Facendo Faccende
9602,Miracolo,Miracolo by Dani Faiv,dani faiv,Ultimo Piano B,Ultimo Piano B
4818,Miracolo,Miracolo by Vacca (Ft. Speranza),vacca,Barroso,Barroso
6888,Missili,Missili by Frah Quintale (Ft. Giorgio Poi),frah quintale,Lungolinea.,Lungolinea.
1145,Missili,Missili by Mudimbi (Ft. Digi G'Alessio),mudimbi,M,M
3420,Mollami,Mollami by Articolo 31,articolo 31,Messa di Vespiri,Messa Di Vespiri
10960,Mollami,Mollami by Fedez (Ft. Caneda & Vincenzo da Via Anfossi),fedez,Tutto il Contrario Remixtape,DISUMANO
807,Mollami,Mollami by Guè,guè pequeno,Vero - 10 Anni Dopo,Madreperla
2778,Molly,Molly by Doll Kill,doll kill,,Molly (prod. Strage)
8311,Molly,Molly by MadMan (Ft. Mattaman),madman,"MM, Vol. 1",Madreperla
11021,Money,Money by Marracash & Guè,marracash,Santeria (Voodoo Edition),Santeria
6784,Money,Money by Nesli,nesli,Nesliving Vol. IV - Il seme cattivo,Nesliving Vol. 4 - Il seme cattivo
460,Montana,Montana by Lazza,lazza,K1 Mixtape,SIRIO
320,Montana,Montana by Yung Snapp,yung snapp,,HOTEL MONTANA
5860,Montecarlo,Montecarlo by Emis Killa (Ft. Geolier),emis killa,Supereroe (Bat Edition),Supereroe Bat Edition
10101,Montecarlo,Montecarlo by Shiva,shiva,Dolce vita,Dolce vita
10595,Mostro,Mostro by Mondo Marcio,mondo marcio,Il Fumo Uccide,Mondo Marcio (2022 Remastered)
3655,Mostro,Mostro by Neffa,neffa,Molto Calmo,Molto calmo
6187,Mostro,Mostro by Willie Peyote,willie peyote,Iodegradabile,Iodegradabile
6395,My Girl,My Girl by Entics (Ft. Guè),entics,Pompa il mio mixtape,The Heist
995,My Girl,My Girl by Guè,guè pequeno,Rimo Da Quando,BLOCCO 181 – ORIGINAL SOUNDTRACK
10957,My Life,My Life by Fedez (Ft. Manny G),fedez,BCPT Mixtape,Ordinary
9881,My Life,My Life by Tormento,tormento,Il mondo dell’illusione,Tormentoni
6284,Napoli,Napoli by 99 Posse,99 posse,Curre Curre Guagliò,Curre Curre Guagliò 2.0
10181,Napoli,Napoli by Caneda,caneda,,Napoli
87,Narciso,Narciso by Beba,beba,Crisalide,Crisalide
6250,Narciso,Narciso by Willie Peyote,willie peyote,Sulla riva del fiume,Sulla riva del fiume
1239,Nato Per Questo,Nato Per Questo by Capo Plaza,capo plaza,Ferite (Deluxe Edition),FERITE
1807,Nato Per Questo,Nato Per Questo by Club Dogo (Ft. Marracash),club dogo,Club Dogo,Club Dogo
965,Nei DM,Nei DM by Guè (Ft. Ernia & Tormento),guè pequeno,Tropico Del Capricorno,Tropico Del Capricorno
7645,Nei DM,Nei DM by Tony Boy,tony boy,Non hai mai Mixtape,Tasche Piene
8104,Nei treni la notte,Nei treni la notte by Coez (Ft. Frah Quintale),coez,From The Rooftop 2,From The Rooftop 2
6890,Nei treni la notte,Nei treni la notte by Frah Quintale,frah quintale,Lungolinea.,Regardez moi
2178,Nemico Pubblico,Nemico Pubblico by Fabri Fibra,fabri fibra,Guerra E Pace,Guerra E Pace
5049,Nemico Pubblico,Nemico Pubblico by Il Tre,il tre,Cracovia,64 BARRE DA CENSURA (Red Bull 64 Bars)
8456,Nessuno,Nessuno by Achille Lauro (Ft. Gemitaiz),achille lauro,Achille Idol Immortale,Achille Idol Immortale
3424,Nessuno,Nessuno by Articolo 31,articolo 31,Nessuno,Nessuno
2037,Nessuno,Nessuno by Fabri Fibra,fabri fibra,Caos,Caos
885,Nessuno,Nessuno by Guè (Ft. Coez),guè pequeno,GVESVS,GVESVS
3575,Nessuno,Nessuno by Neffa,neffa,Sognando contromano,Sognando Contromano
523,Nessuno,Nessuno by Nerone (Ft. Axos),nerone,Max,Max
6365,Netflix,Netflix by Entics,entics,Purple Haze,Purple Haze
343,Netflix,Netflix by Lazza,lazza,Re Mida: Aurum,Re Mida
5676,Netflix,Netflix by Shade,shade,Clownstrofobia,Clownstrofobia
6490,Neve,Neve by Ernia,ernia,No Hooks - EP,No Hooks
8891,Neve,Neve by Rancore,rancore,S.M.S. (Sei Molto Stronza),Never Die
7192,Niente,Niente by Gemitaiz,gemitaiz,Quello Che Vi Consiglio Vol. 4,Nonostante Tutto
5250,Niente,Niente by Luchè,luchè,Dove Volano Le Aquile Vol. 2,Dove Volano Le Aquile Vol. 2
3211,Niente Di Più,Niente Di Più by Ghemon,ghemon,Mezzanotte,Mezzanotte
6785,Niente Di Più,Niente Di Più by Nesli,nesli,Neslibook Capitolo 1,Turbe Giovanili
4374,Ninna Nanna,Ninna Nanna by Ghali,ghali,Album,Album
2737,Ninna Nanna,Ninna Nanna by Jake La Furia,jake la furia,Musica Commerciale Deluxe Edition,Musica Commerciale
8065,Ninna nanna,Ninna nanna by Coez,coez,È sempre bello,È sempre bello
9155,Ninna nanna,Ninna nanna by Colle Der Fomento,colle der fomento,Odio pieno,Odio Pieno
10927,Ninna nanna,Ninna nanna by Fedez,fedez,Penisola che non c’è,Penisola che non c'è
5800,No Cap,No Cap by Emis Killa & Jake La Furia (Ft. Geolier),emis killa,17 (Dark Edition),17 - Dark Edition
6826,No Cap,No Cap by MamboLosco,mambolosco,Arte,Arte
4738,No Cap,No Cap by Vacca,vacca,,No Cap
3113,No Champagne,No Champagne by Sfera Ebbasta,sfera ebbasta,XDVR Reloaded,XDVR Reloaded
278,No Champagne,No Champagne by thasup,thasup,,VERA BADDIE
2793,No Love,No Love by Doll Kill,doll kill,Amore Odio EP,Amore Odio
5213,No Love,No Love by Luchè (Ft. CoCo),luchè,Dove Volano Le Aquile Vol. 2,Dove Volano Le Aquile
4491,Noi,Noi by Ensi,ensi,V,Noi Siamo Il Club (Reloaded Edition)
2418,Noi,Noi by Mistaman,mistaman,Realtà Aumentata,Struggle Music
6696,Noi,Noi by Nesli,nesli,L’Amore è Qui,L'Amore E' Qui
1417,Noi,Noi by Skioffi (Ft. Sebastian / Killa Cali),skioffi,Jolly Mixtape,Sfera Ebbasta
6529,Noia,Noia by Ernia,ernia,Come Uccidere Un Usignolo (67 Edition),Come Uccidere Un Usignolo (67 Edition)
2002,Noia,Noia by Fabri Fibra (Ft. Marracash),fabri fibra,Caos,Caos
7051,Non Cambio Mai,Non Cambio Mai by Gemitaiz & MadMan,gemitaiz,"Detto, Fatto. - EP","Detto, Fatto."
8625,Non Cambio Mai,Non Cambio Mai by Rkomi (Ft. IZI),rkomi,Calvairate Mixtape Vol. 1,Orange County California
10599,Non Dimenticare,Non Dimenticare by Mondo Marcio,mondo marcio,Mondoteismo,Chimera
6724,Non Dimenticare,Non Dimenticare by Nesli,nesli,L’Amore è Qui,L'Amore E' Qui
5933,Non Fa Per Me,Non Fa Per Me by Emis Killa,emis killa,Keta Music,Fuori Da Qui
10680,Non Fa Per Me,Non Fa Per Me by Mondo Marcio,mondo marcio,Animale In Gabbia Sta Arrivando - EP,Mondo Marcio (2022 Remastered)
4301,Non Importa,Non Importa by Bassi Maestro,bassi maestro,L’Ultimo Testimone,L'Ultimo Testimone
2497,Non Importa,Non Importa by Mistaman,mistaman,Dentro La Mia Mente,Dentro La Mia Mente
7044,Non Lo So,Non Lo So by Gemitaiz,gemitaiz,Nonostante Tutto ,Nonostante Tutto
4388,Non Lo So,Non Lo So by Ghali (Ft. IZI),ghali,Lunga Vita a Sto,Lunga Vita a Sto
868,Non Lo So,Non Lo So by Guè (Ft. ​chiello),guè pequeno,Tropico Del Capricorno,Tropico Del Capricorno
7310,Non ce n’è,Non ce n'è by Gemitaiz & MadMan (Ft. Jack The Smoker & Uzi Junkana),gemitaiz,Haterproof,Scatola Nera
9850,Non ce n’è,Non ce n'è by Tormento,tormento,Alibi,Alibi+bonus track
7979,Non credo,Non credo by Jack The Smoker,jack the smoker,V.Ita,V.Ita
8246,Non credo,Non credo by MadMan (Ft. Luchè),madman,Doppelganger,Doppelganger
9289,Non fa per me,Non fa per me by Grido,grido,Segnali di Fumo,Segnali di fumo
6999,Non fa per me,Non fa per me by Mr.Rain,mr. rain,Petrichor,Petrichor
7677,Non fa per me,Non fa per me by Tony Boy (Ft. Giovane Feddini),tony boy,TRVPPIN’ BOYZ,Containers
9068,Non mi interessa,Non mi interessa by Dark Polo Gang (Ft. Sick Luke),dark polo gang,Succo Di Zenzero,Succo Di Zenzero
7679,Non mi interessa,Non mi interessa by Tony Boy,tony boy,TRVPPIN’ BOYZ,Too Clean
7928,Non mi va,Non mi va by Jack The Smoker,jack the smoker,Jack Uccide,Jack uccide
3836,Non mi va,Non mi va by Tedua (Ft. Disme & Krag Lee),tedua,Orange County Mixtape,Too Clean
5801,Non è facile,Non è facile by Emis Killa (Ft. Jake La Furia),emis killa,Terza Stagione,Terza Stagione
7554,Non è facile,Non è facile by Tony Boy (Ft. Astro (ITA) & Nerissima Serpe),tony boy,Umile (Deluxe),Umile
7062,Nonostante Tutto,Nonostante Tutto by Gemitaiz,gemitaiz,Nonostante Tutto ,Nonostante Tutto
4784,Nonostante Tutto,Nonostante Tutto by Vacca,vacca,Faccio quello che voglio,Faccio Quello Che Voglio
9127,Noodles,Noodles by Colle Der Fomento,colle der fomento,Adversus,Adversus
7325,Noodles,Noodles by Gemitaiz,gemitaiz,"QVC 10 – Quello Che Vi Consiglio, Vol. 10",QVC 10 - Quello Che Vi Consiglio Vol. 10
749,Notte,Notte by Babaman (Ft. Ensi),babaman,La Nuova Era,La nuova era
1732,Notte,Notte by Clementino,clementino,Miracolo! (Deluxe Edition),Figli E Figliastri
7968,Numeri,Numeri by Jack The Smoker (Ft. Nex Cassel),jack the smoker,Game Over Mixtape vol. 1,"Machete Mixtape, Vol. 3"
8201,Numeri,Numeri by MadMan,madman,"MM, Vol. 3",MM Vol. 3
4533,Numero Uno,Numero Uno by Ensi,ensi,Era Tutto Un Sogno,Era Tutto Un Sogno
2234,Numero Uno,Numero Uno by Fabri Fibra,fabri fibra,Venerdì 17,Chi Vuole Essere Fabri Fibra ?
8711,Nun Ce Provà,Nun Ce Provà by Cor Veleno (Ft. Tormento),cor veleno,Nuovo Nuovo,Nuovo Nuovo
1110,Nun Ce Provà,Nun Ce Provà by Guè,guè pequeno,Rimo Da Quando,Tagli
9094,Nuvole,Nuvole by Dark Polo Gang,dark polo gang,Succo Di Zenzero,Succo Di Zenzero
3680,Nuvole,Nuvole by Frankie hi-nrg mc,frankie hi-nrg mc,,
7901,Nuvole,Nuvole by Jack The Smoker (Ft. IZI),jack the smoker,Ho fatto tardi,Ho Fatto Tardi
1221,OMG,OMG by Capo Plaza,capo plaza,PLAZA (Deluxe Edition),PLAZA
7474,OMG,"OMG by Slait & Low Kidd (Ft. Guè, Hell Raton & Vale Pain)",slait,BV3,BV3
9467,Oggi no,Oggi no by Dani Faiv,dani faiv,Scusate se esistiamo,Scusate
577,Oggi no,Oggi no by Nerone,nerone,Entertainer,Entertainer
4192,Ogni giorno,Ogni giorno by Bassi Maestro,bassi maestro,Stanno tutti bene ,Stanno tutti bene
2069,Ogni giorno,Ogni giorno by Fabri Fibra,fabri fibra,Fenomeno,Fenomeno
4975,Oltre,Oltre by Il Tre,il tre,ALI - ULTIMA NOTTE,ALI
6692,Oltre,Oltre by Nesli,nesli,L’Amore è Qui,L'Amore E' Qui
7547,Oltre,Oltre by Tony Boy,tony boy,Going Hard 2,Going Hard 2
5256,On Fire,On Fire by Luchè (Ft. Club Dogo),luchè,L1,L1
10446,On Fire,On Fire by Mondo Marcio (Ft. Midas),mondo marcio,La Freschezza Del Marcio,La Freschezza Del Marcio
7424,On The Radar Freestyle,On The Radar Freestyle by DrefGold,drefgold,,Spotify Singles
3023,On The Radar Freestyle,On The Radar Freestyle by Rondodasosa,rondodasosa,,Spotify Singles
7338,One Take FM Free Mic,One Take FM Free Mic by Gemitaiz,gemitaiz,One Take FM Free Mic - Season 3,Lotus
5014,One Take FM Free Mic,One Take FM Free Mic by Il Tre,il tre,One Take FM Free Mic - Season 3,Dead poets
683,One Take FM Free Mic,One Take FM Free Mic by Nerone,nerone,One Take FM Free Mic - Season 6,Lotus
9987,One Take FM Free Mic,One Take FM Free Mic by Nitro,nitro,One Take FM Free Mic - Season 4,Accepted Eclectic
2401,One Take FM Free Mic,One Take FM Free Mic by Rocco Hunt,rocco hunt,One Take FM Free Mic - Season 3,Burning Sands
66,One Take FM Free Mic,"One Take FM Free Mic by Rosa Chemical (Ft. 18K, Macello & Pitta (ITA))",rosa chemical,One Take FM Free Mic - Season 6,ShapeShifters
5759,One Take FM Free Mic,One Take FM Free Mic by Shade,shade,One Take FM Free Mic - Season 3,E No Fit Be Me
404,Origami,Origami by Lazza,lazza,Zzala,Zzala
8562,Origami,Origami by Rkomi,rkomi,Io in Terra,Io In Terra
2772,Orologi,Orologi by Doll Kill,doll kill,,Orologi (prod. Strage e Lazza)
3136,Orologi,Orologi by Sfera Ebbasta,sfera ebbasta,,SANTANA MONEY GANG
9951,Ossigeno,Ossigeno by Nitro (Ft. Vegas Jones),nitro,Garbage Evilution,GarbAge
8569,Ossigeno,Ossigeno by Rkomi,rkomi,Ossigeno - EP,Ossigeno - EP
7553,Ossigeno,Ossigeno by Tony Boy,tony boy,Non C’è Futuro - EP,Non C'è Futuro
4371,Outro,Outro by Bassi Maestro & DJ Shocca,bassi maestro,Musica che non si tocca,Musica che non si tocca
9179,Outro,Outro by Colle Der Fomento,colle der fomento,Odio pieno,Odio Pieno
8785,Outro,Outro by Cor Veleno,cor veleno,Street Flava 2nd Avenue,B.B.C. Project
10937,Outro,Outro by Fedez,fedez,Il mio primo disco da venduto,Il mio primo disco da venduto
3284,Outro,Outro by Ghemon (Ft. Frank Siciliano),ghemon,La rivincita dei buoni,La rivincita dei buoni
2641,Outro,Outro by Inoki,inoki,Fabiano Detto Inoki,Fabiano detto Inoki
465,Outro,Outro by Lazza,lazza,K1 Mixtape,Long Lost Archives of Lazzayaiii Pt. 1
10653,Outro,Outro by Mondo Marcio,mondo marcio,In Cosa Credi,Magico
6995,Outro,Outro by Mr.Rain,mr. rain,Butterfly Effect 2.0,Petrichor
8948,Outro,Outro by Rancore,rancore,SeguiMe,Seguime / Remind 2006
4888,Outro,Outro by Vacca,vacca,Faccio quello che voglio,Faccio Quello Che Voglio
1497,PARADISO,PARADISO by Mahmood (Ft. ​chiello & Tedua),mahmood,NEI LETTI DEGLI ALTRI,NEI LETTI DEGLI ALTRI
18,PARADISO,PARADISO by Rosa Chemical,rosa chemical,FOREVER AND EVER,FOREVER
9969,PARANOIA,PARANOIA by Nitro (Ft. Sally Cruz),nitro,OUTSIDER,OUTSIDER
3134,PARANOIA,PARANOIA by Sfera Ebbasta & Shiva,sfera ebbasta,SANTANA MONEY GANG,SANTANA MONEY GANG
10150,PDF UNITED SHOW Freestyle,PDF UNITED SHOW Freestyle by Shiva,shiva,,Fade Away
3873,PDF UNITED SHOW Freestyle,PDF UNITED SHOW Freestyle by Tedua,tedua,,Shady Nate is Mobb Marley
909,Pappone,Pappone by Guè,guè pequeno,Vero - 10 Anni Dopo,Vero
9398,Pappone,Pappone by Papa V,papa v,Gesù Bambino,Gesù Bambino
2559,Parla Chiaro,Parla Chiaro by Inoki,inoki,,"The Newkingztape, Vol. 1"
7832,Parla Chiaro,Parla Chiaro by Noyz Narcos,noyz narcos,Verano Zombie,Verano Zombie
2781,Parole,Parole by Doll Kill,doll kill,,Le Mie Ultime Parole (feat. Doll Kill)
2407,Parole,Parole by Mistaman,mistaman,Parole,Parole
3201,Parte di me,Parte di me by Ghemon (Ft. Mecna),ghemon,Qualcosa è cambiato (Qualcosa Cambierà Vol.2),Qualcosa è cambiato
872,Parte di me,Parte di me by Guè (Ft. Carl Brave),guè pequeno,Mr. Fini,Mr. Fini
2817,Passione,Passione by Johnny Marsiglia,johnny marsiglia,Memory,Memory
3582,Passione,Passione by Neffa,neffa,Alla Fine Della Notte,Saturno Contro (Original Motion Picture Soundtrack)
6367,Patti chiari,Patti chiari by Entics (Ft. Vacca),entics,Entics Television Vol. 3,"Entics Television, Vol. 3"
7485,Patti chiari,Patti chiari by Slait (Ft. Nex Cassel & Nitro),slait,BV2,BV2
10210,Pelle,Pelle by Caneda,caneda,Sinatra Mixtape,BLACK
6935,Pelle,Pelle by Frah Quintale,frah quintale,Storia Breve - EP,Storia Breve
7448,Pensa Te,Pensa Te by DrefGold,drefgold,Kanaglia Mixtape,Tropico Del Capricorno
9449,Pensa Te,Pensa Te by Samuel Costa,samuel heron,Council Estate Vol.1,Tutti Manifesti
378,Per sempre,Per sempre by Lazza,lazza,Re Mida: Aurum,Re Mida
7595,Per sempre,Per sempre by Tony Boy,tony boy,Going Hard,Going Hard
7292,Persi,Persi by Gemitaiz (Ft. Ketama126),gemitaiz,"QVC 10 – Quello Che Vi Consiglio, Vol. 10",QVC 10 - Quello Che Vi Consiglio Vol. 10
9819,Persi,Persi by Priestess,priestess,Rendez-vous - EP,Rendez-vous
10225,Peter Pan,Peter Pan by Caneda,caneda,Nato nell’acqua,Nato nell'acqua
9097,Peter Pan,Peter Pan by Dark Polo Gang,dark polo gang,Trap Lovers Reloaded,Trap Lovers
9314,Peter Pan,Peter Pan by Grido,grido,Segnali di Fumo,Segnali di fumo
9075,Piccoli Brividi,Piccoli Brividi by Dark Polo Gang,dark polo gang,Full Metal Dark,Black Mask
3238,Piccoli Brividi,Piccoli Brividi by Ghemon,ghemon,E Vissero Feriti E Contenti,E Vissero Feriti E Contenti
2742,Più Forte,Più Forte by Jake La Furia,jake la furia,Musica Commerciale Deluxe Edition,Entertainer
3084,Più Forte,Più Forte by Sfera Ebbasta,sfera ebbasta,XDVR Reloaded,XDVR Reloaded
8232,Plenilunio,Plenilunio by MadMan,madman,LONEWOLF,LONEWOLF
7504,Plenilunio,Plenilunio by Slait (Ft. En?gma),slait,Bloody Vinyl Mixtape Vol. 1,LONEWOLF
1258,Pochette,Pochette by Capo Plaza,capo plaza,PLAZA (Deluxe Edition),PLAZA
7157,Pochette,Pochette by Gemitaiz (Ft. Noyz Narcos),gemitaiz,Eclissi,Eclissi
10310,Poco Di Buono,Poco Di Buono by Caneda,caneda,Neda Si Sveglia a Mezzanotte,Poco di Buono
4913,Poco Di Buono,Poco Di Buono by Vacca,vacca,Poco di Buono,Poco Di Buono 2
9128,Polvere,Polvere by Colle Der Fomento (Ft. Roy Paci),colle der fomento,Adversus,Adversus
10079,Polvere,Polvere by Shiva,shiva,Solo,Milano Angels
3748,Polvere,Polvere by Tedua (Ft. Capo Plaza),tedua,Vita vera mixtape: Aspettando la Divina Commedia,Vita Vera Mixtape
6234,Polvere,Polvere by Willie Peyote,willie peyote,Sulla riva del fiume,Sulla riva del fiume
11071,Popolare,Popolare by Marracash,marracash,Roccia Music,Marracash - 10 Anni Dopo (Inediti e Rarità)
9392,Popolare,Popolare by Papa V,papa v,Gesù Bambino,Gesù Bambino
7283,Povero Stronzo,Povero Stronzo by Gemitaiz,gemitaiz,Quello Che Vi Consiglio Vol. 2,64 BARRE IN FACCIA (Red Bull 64 Bars)
1359,Povero Stronzo,Povero Stronzo by Massimo Pericolo,massimo pericolo,Le cose cambiano (Deluxe),Le cose cambiano
3728,Prima,Prima by Frankie hi-nrg mc (Ft. Franca Valeri),frankie hi-nrg mc,Ero un autarchico,
6249,Prima,Prima by Willie Peyote,willie peyote,Pornostalgia,Pornostalgia
4012,Prologo,Prologo by Caparezza,caparezza,Ricomincio da Capa,Prisoner 709
10607,Prologo,Prologo by Mondo Marcio,mondo marcio,Nella Bocca Della Tigre,Nella Bocca Della Tigre
1285,Pronto,Pronto by Capo Plaza (Ft. Tion Wayne),capo plaza,PLAZA (Deluxe Edition),PLAZA (Deluxe Edition)
598,Pronto,Pronto by Nerone,nerone,Entertainer,Entertainer
5233,Purosangue,Purosangue by Luchè (Ft. Shiva),luchè,Dove Volano Le Aquile Vol. 2,Dove Volano Le Aquile
8644,Purosangue,Purosangue by Rkomi,rkomi,,TAXI DRIVER
3752,Purple,Purple by Tedua,tedua,Vita vera mixtape: Aspettando la Divina Commedia,Vita Vera Mixtape
259,Purple,Purple by thasup,thasup,,Purple Thasup
8307,R.I.P.,R.I.P. by MadMan,madman,R.I.P. Street Album,Paninaro 2.0
7745,R.I.P.,R.I.P. by Noyz Narcos (Ft. Achille Lauro),noyz narcos,Enemy,Enemy
7431,Radio 105 Freestyle,Radio 105 Freestyle by DrefGold,drefgold,,Tarantelle
4466,Radio 105 Freestyle,Radio 105 Freestyle by Ghali,ghali,,Tarantelle
3146,Radio 105 Freestyle,Radio 105 Freestyle by Sfera Ebbasta,sfera ebbasta,,Hexen
8453,Ragazzi Fuori,Ragazzi Fuori by Achille Lauro,achille lauro,Dio c’è,Dio c'è (Deluxe Version)
1699,Ragazzi Fuori,Ragazzi Fuori by Clementino,clementino,Vulcano ,Vulcano
4289,Rap Phenomenon,Rap Phenomenon by Bassi Maestro,bassi maestro,Hate,HATE
10626,Rap Phenomenon,Rap Phenomenon by Mondo Marcio,mondo marcio,Maschera a gas - EP,Animale in gabbia
2940,Rari,Rari by Rose Villain,rose villain,Radio Gotham,Radio Gotham
3774,Rari,Rari by Tedua (Ft. Paky & Shiva),tedua,Vita vera mixtape: Aspettando la Divina Commedia,"Vita Vera - Mixtape, aspettando la Divina Commedia"
7957,Re Mida,Re Mida by Jack The Smoker (Ft. Coliche & Lil' Pin),jack the smoker,Game Over Mixtape vol. 1,"Machete Mixtape, Vol. 3"
342,Re Mida,Re Mida by Lazza,lazza,Re Mida: Aurum,Re Mida
1120,Real TV,Real TV by Guè,guè pequeno,Rimo Da Quando,Verano Zombie
7858,Real TV,Real TV by Noyz Narcos (Ft. Guè & Vincenzo da Via Anfossi),noyz narcos,Verano Zombie,Verano Zombie
2688,Reality,Reality by Eva Rea,eva rea,Rap Game: Reality,Dom Reality Sessions 2
2751,Reality,Reality by Jake La Furia (Ft. Maruego),jake la furia,Fuori Da Qui,Fuori Da Qui
2084,Red Carpet,Red Carpet by Fabri Fibra,fabri fibra,Fenomeno,Fenomeno
1121,Red Carpet,Red Carpet by Guè,guè pequeno,Rimo Da Quando,Il Ragazzo D'Oro
6054,Redneck,Redneck by J-Ax (Ft. Jake La Furia),j-ax,SurreAle,ReAle
9714,Redneck,Redneck by Salmo,salmo,Midnite (Deluxe Version),Midnite (Deluxe Version)
99,Regole,Regole by Beba,beba,,Regole
9066,Regole,Regole by Dark Polo Gang,dark polo gang,Crack Musica,Crack Musica
11145,Regole,Regole by Marracash (Ft. Misa),marracash,Roccia Music,È FINITA LA PACE
2931,Rehab,Rehab by Rose Villain (Ft. Carl Brave),rose villain,Radio Gotham,Radio Gotham
4744,Rehab,Rehab by Vacca,vacca,,Rilassato
8624,Remember,Remember by Rkomi,rkomi,Calvairate Mixtape Vol. 1,SENTIMENTI
8172,Remember,Remember by Shablo (Ft. Mumi),shablo,Mate y Espíritu,Mate y Espíritu
10414,Replay,Replay by Mondo Marcio,mondo marcio,My Beautiful Bloody Break Up - Full Circle,My Beautiful Bloody Break Up - Full Circle
2321,Replay,Replay by Rocco Hunt,rocco hunt,’A Verità 2.0,'A verità
5697,Replay,Replay by Shade,shade,Truman (Sanremo Edition),Truman
10021,Replay,Replay by Shiva (Ft. Lil Tjay),shiva,Milano Angels,Milano Angels
6662,Respiro,Respiro by Nesli,nesli,Voglio di + – Nesliving Vol. 3,"Voglio di + (Nesliving, Vol.3)"
7520,Respiro,Respiro by Tony Boy,tony boy,Going Hard 3,Going Hard 3
8860,Revolution,Revolution by Highsnob (Ft. Albe Ok & Rokas),mike24,Savant,Revolution
4837,Revolution,Revolution by Vacca (Ft. Danti),vacca,L’ultimo tango,L'ultimo tango
4210,Riflessioni,Riflessioni by Bassi Maestro (Ft. Gene 5 & Zampa),bassi maestro,Tutti a casa,Tutti a casa
7317,Riflessioni,Riflessioni by Gemitaiz (Ft. Blackout (gruppo)),gemitaiz,Quello Che Vi Consiglio Vol. 2,Nonostante Tutto
3691,Rivoluzione,Rivoluzione by Frankie hi-nrg mc (Ft. Enrico Ruggeri & Roy Paci),frankie hi-nrg mc,DePrimoMaggio,
6767,Rivoluzione,Rivoluzione by Nesli,nesli,Nesliving Vol. IV - Il seme cattivo,Nesliving Vol. 4 - Il seme cattivo
2301,Rivoluzione,Rivoluzione by Rocco Hunt,rocco hunt,Rivoluzione,Rivoluzione
5252,Rockstar,Rockstar by Luchè (Ft. Marracash),luchè,L1,L1
3049,Rockstar,Rockstar by Sfera Ebbasta,sfera ebbasta,Rockstar (Popstar Edition),Rockstar
1102,Role Models,Role Models by Guè,guè pequeno,Rimo Da Quando,Guilty
7833,Role Models,Role Models by Noyz Narcos (Ft. Club Dogo & DJ Gengis),noyz narcos,Guilty,Guilty
5771,Rollercoaster,Rollercoaster by Emis Killa,emis killa,Supereroe (Bat Edition),Supereroe
7144,Rollercoaster,Rollercoaster by Gemitaiz (Ft. Carl Brave),gemitaiz,"QVC9: QUELLO CHE VI CONSIGLIO, VOL. 9",QVC9 - QUELLO CHE VI CONSIGLIO VOL. 9
7005,SINCERO,SINCERO by Mr.Rain,mr. rain,FRAGILE,SINCERO (feat. Alfa)
9690,SINCERO,SINCERO by Salmo,salmo,RANCH,RANCH
2961,SLATT,SLATT by Rondodasosa (Ft. Capo Plaza),rondodasosa,GIOVANE RONDO - EP,GIOVANE RONDO
7,SLATT,SLATT by Rosa Chemical (Ft. Dani Faiv),rosa chemical,FOREVER AND EVER,FOREVER
333,SLIME,SLIME by Lazza (Ft. Rondodasosa),lazza,J,J
16,SLIME,SLIME by Rosa Chemical (Ft. Wayne),rosa chemical,FOREVER AND EVER,FOREVER
1508,Sabbie Mobili,Sabbie Mobili by Mahmood,mahmood,Gioventù Bruciata,Gioventù Bruciata
11073,Sabbie Mobili,Sabbie Mobili by Marracash,marracash,King Del Rap,King Del Rap
6039,Salsa,Salsa by J-Ax (Ft. Jake La Furia),j-ax,SurreAle,Salsa
8194,Salsa,Salsa by MadMan,madman,Back Home,Back Home
6479,Sangue,Sangue by BigMama,bigmama,Sangue,Sangue
1058,Sangue,Sangue by Guè & DJ Harsh (Ft. Chief (ITA)),guè pequeno,Fastlife Mixtape Vol. 1,Col Sangue
3847,Sangue,Sangue by Tedua (Ft. Guesan),tedua,Orange County Mixtape,Mowgli
5428,Sangue Amaro,Sangue Amaro by Dargen D'Amico,dargen d_amico,NEI SOGNI NESSUNO È MONOGAMO,NEI SOGNI NESSUNO È MONOGAMO
649,Sangue Amaro,Sangue Amaro by Nerone,nerone,N Mixtape,N Mixtape
8439,Santana,Santana by Achille Lauro,achille lauro,Achille Idol Immortale,Achille Idol Immortale
10031,Santana,Santana by Shiva,shiva,,SANTANA MONEY GANG
11068,Santeria,Santeria by Marracash & Guè,marracash,Santeria (Voodoo Edition),Santeria
7874,Santeria,Santeria by Noyz Narcos & DJ Gengis,noyz narcos,The Best Out Mixtape Vol. 2,La Divina Commedia
8431,Scusa,Scusa by Achille Lauro,achille lauro,1969 - Achille Idol Rebirth,1969 - Achille Idol Rebirth
9085,Scusa,Scusa by Dark Polo Gang,dark polo gang,Succo Di Zenzero,Succo Di Zenzero
7078,Scusa,Scusa by Gemitaiz,gemitaiz,Nonostante Tutto ,Nonostante Tutto
3219,Scusa,Scusa by Ghemon,ghemon,Aspetta Un Minuto Mixtape,Nonostante Tutto
9594,Segreti,Segreti by Dani Faiv,dani faiv,,MACHETE MIXTAPE 4
7597,Segreti,Segreti by Tony Boy,tony boy,Non C’è Futuro - EP,Non C'è Futuro
9852,Segreti,Segreti by Tormento,tormento,Dentro e fuori,Dentro e fuori
1766,Selvaggi,Selvaggi by Clementino (Ft. James Senese),clementino,Miracolo! (Deluxe Edition),Miracolo!
9874,Selvaggi,Selvaggi by Tormento,tormento,Il Mio Diario: Giorno,Qui è selvaggio
7032,Senza Di Me,Senza Di Me by Gemitaiz (Ft. Franco126 & Venerus),gemitaiz,Quello Che Vi Consiglio Vol. 8,Senza Di Me
1350,Senza Di Me,Senza Di Me by Massimo Pericolo (Ft. Baby Gang),massimo pericolo,Le cose cambiano (Deluxe),Le cose cambiano
10795,Senza Dio,Senza Dio by Fred De Palma,fred de palma,Unico,Unico
11040,Senza Dio,Senza Dio by Marracash & Guè,marracash,Santeria (Voodoo Edition),Santeria
7202,Sigarette,Sigarette by Gemitaiz & MadMan,gemitaiz,Kepler (Gold Edition),Kepler
10366,Sigarette,Sigarette by Mondo Marcio,mondo marcio,My Beautiful Bloody Break Up - Full Circle,My Beautiful Bloody Break Up - Full Circle
3544,Sigarette,Sigarette by Neffa,neffa,Resistenza Edizione Speciale,Resistenza (Edizione speciale)
988,Signora,Signora by Guè,guè pequeno,Vero (Royal Edition),Vero (Royal Edition)
6128,Signora,Signora by J-Ax,j-ax,Rap n’ roll,Rap n' Roll
7170,Silenzio,Silenzio by Gemitaiz,gemitaiz,Eclissi,Eclissi
368,Silenzio,Silenzio by Lazza,lazza,Zzala,Zzala
8895,Silenzio,Silenzio by Rancore & DJ Myke,rancore,Silenzio,Silenzio
9236,Silenzio,Silenzio by Sottotono,sottotono,Soprattutto Sotto,Eclissi
9036,Sku Sku,Sku Sku by Dark Polo Gang,dark polo gang,Twins,Twins
10749,Sku Sku,Sku Sku by Fred De Palma (Ft. Shade),fred de palma,Uebe,Uebe
4352,Slang,Slang by Bassi Maestro,bassi maestro,Classico,Classico
5211,Slang,Slang by Luchè,luchè,Dove Volano Le Aquile Vol. 2,Dove Volano Le Aquile
10193,Sogni,Sogni by Caneda,caneda,Nato nell’acqua,Nato nell'acqua
7630,Sogni,Sogni by Tony Boy,tony boy,,Umile
4922,Sogni,Sogni by Vacca,vacca,Sporco,Sporco
7899,Sogni d’odio,Sogni d’odio by Jack The Smoker (Ft. Salmo),jack the smoker,Jack Uccide,Jack uccide
5663,Sogni d’odio,Sogni d’odio by Shade,shade,Clownstrofobia,Clownstrofobia
1845,Soldi,Soldi by Club Dogo,club dogo,Non Siamo Più Quelli Di Mi Fist The Complete Edition,Non Siamo Più Quelli Di Mi Fist
1473,Soldi,Soldi by Mahmood,mahmood,Gioventù Bruciata,Gioventù Bruciata
5322,Sole,Sole by Baby K,baby k,Femmina Alfa,Donna sulla Luna
6401,Sole,Sole by Entics,entics,Beatbox Selection Vol. 1,Sole a mezzanotte
4991,Solo,Solo by Il Tre,il tre,Real Talk EP,Real Talk
6805,Solo,Solo by Nesli (Ft. Maruego),nesli,Nesliving Vol. IV - Il seme cattivo,Nesliving Vol. 4 - Il seme cattivo
8559,Solo,Solo by Rkomi,rkomi,Io in Terra,decrescendo.
318,Solo,Solo by Yung Snapp (Ft. CoCo),yung snapp,HOTEL MONTANA (Deluxe),HOTEL MONTANA
10669,Solo Noi,Solo Noi by Mondo Marcio,mondo marcio,,Mondo Marcio (2022 Remastered)
9245,Solo Noi,Solo Noi by Sottotono,sottotono,,...In teoria
3317,Solo Per Me,Solo Per Me by Ghemon (Ft. Lucio Dalla),ghemon,Bella Lucio!,Bella Lucio
8239,Solo Per Me,Solo Per Me by MadMan (Ft. Massimo Pericolo),madman,"MM, Vol. 4",MM Vol. 4
4134,Sorry,Sorry by Bassi Maestro,bassi maestro,Mia Maestà,Mia Maestà
5583,Sorry,Sorry by Geolier,geolier,Emanuele (Marchio registrato),Emanuele (Marchio registrato)
4435,Sotto Controllo,Sotto Controllo by Ghali (Ft. Luchè),ghali,PIZZA KEBAB Vol. 1,PIZZA KEBAB Vol. 1
3165,Sotto Controllo,Sotto Controllo by Sfera Ebbasta (Ft. Gotik),sfera ebbasta,Emergenza Mixtape Vol. 1,Hot Labor Summer 2
1237,Sottovuoto,Sottovuoto by Capo Plaza,capo plaza,Ferite (Deluxe Edition),FERITE
7412,Sottovuoto,Sottovuoto by DrefGold,drefgold,,FERITE
5284,Sparami,Sparami by Baby K,baby k,Una Seria,Una seria
5770,Sparami,Sparami by Emis Killa & Jake La Furia (Ft. Fabri Fibra & Salmo),emis killa,17 (Dark Edition),17
10766,Sparirò,Sparirò by Fred De Palma,fred de palma,Lettera al Successo,Lettera al Successo
1164,Sparirò,Sparirò by Mudimbi,mudimbi,,Sparirò
4593,Sporco,Sporco by Ensi (Ft. Killa Soul),ensi,Vendetta,VENDETTA
4826,Sporco,Sporco by Vacca,vacca,Sporco,Sporco
4287,Status,Status by Bassi Maestro,bassi maestro,Background ,Background
11060,Status,Status by Marracash,marracash,Status (Vendetta Edition),"Status (Inediti, Rarità & Live)"
184,Stelle,Stelle by Alfa,alfa,Mondo Immobile Mixtape,Stelletella
2039,Stelle,Stelle by Fabri Fibra (Ft. Maurizio Carucci),fabri fibra,Caos,Caos
8546,Sto Bene,Sto Bene by Achille Lauro (Ft. Sedato Blend),achille lauro,Harvard,I Nomi del Diavolo
478,Sto Bene,Sto Bene by Lazza (Ft. El Feo),lazza,Destiny Mixtape,OGGI
6293,Stop That Train,Stop That Train by 99 Posse,99 posse,NA 99 10°,Na.99.10
1126,Stop That Train,Stop That Train by Guè,guè pequeno,Rimo Da Quando,Escape (2022 Remaster)
2767,Stop That Train,Stop That Train by Jake La Furia & Guè,jake la furia,,Heist of The Century
2818,Storie,Storie by Johnny Marsiglia,johnny marsiglia,Memory,Memory
8217,Storie,Storie by MadMan,madman,Back Home,Back Home
7673,Storie,Storie by Tony Boy,tony boy,TRVPPIN’ BOYZ,"stories, dreams, inspirations: for my boy"
1225,Street,Street by Capo Plaza,capo plaza,PLAZA (Deluxe Edition),Mattoni
4602,Street,Street by Ensi,ensi,Vendetta,Solo per cambiare il mondo
6868,Street,Street by MamboLosco,mambolosco,Facendo Faccende,Facendo Faccende
1061,Street Cinema,Street Cinema by Guè (Ft. Aban),guè pequeno,Fastlife Mixtape Vol. 2 - Faster Life,Fastlife 4
4723,Street Cinema,Street Cinema by Vacca (Ft. Amill Leonardo),vacca,Poco di buono 2,Poco Di Buono 2
8722,Stronzo,Stronzo by Cor Veleno,cor veleno,Nuovo Nuovo,Nuovo Nuovo
9927,Stronzo,Stronzo by Nitro (Ft. DJ MS),nitro,Suicidol - Post Mortem,Suicidol
5925,Stupefacente,Stupefacente by Emis Killa (Ft. Giso & Salmo),emis killa,Il peggiore,Il peggiore
6900,Stupefacente,Stupefacente by Frah Quintale,frah quintale,Lungolinea.,Lungolinea.
93,Stupida,Stupida by Beba,beba,Crisalide,Crisalide
9883,Stupida,Stupida by Tormento,tormento,Il Mio Diario: Notte,Il mio diario (Notte)
2187,Stupidi,Stupidi by Fabri Fibra (Ft. Nerissima Serpe & Papa V),fabri fibra,Mentre Los Angeles Brucia,Stupidi (feat. Papa V & Nerissima Serpe)
11137,Stupidi,Stupidi by Marracash (Ft. Fabri Fibra),marracash,Fino A Qui Tutto Bene,"NOI, LORO, GLI ALTRI"
1263,Successo,Successo by Capo Plaza,capo plaza,PLAZA (Deluxe Edition),PLAZA
8213,Successo,Successo by MadMan,madman,Back Home,Back Home
2419,Successo,Successo by Mistaman,mistaman,M-Theory,M-theory
5814,Supereroe,Supereroe by Emis Killa,emis killa,Supereroe (Bat Edition),Supereroe
6969,Supereroe,Supereroe by Mr.Rain,mr. rain,,Supereroe
5861,Superman,Superman by Emis Killa (Ft. Guè),emis killa,Keta Music - Volume 2,Keta Music - Volume 2
6422,Superman,Superman by Entics,entics,Ganja Chanel,Re Mida
7248,Superman,Superman by Gemitaiz,gemitaiz,Quello Che Vi Consiglio Vol. 1,Re Mida
370,Superman,Superman by Lazza,lazza,Re Mida: Aurum,Re Mida
179,Supernova,Supernova by Alfa,alfa,Mondo Immobile Mixtape,SuperNOVA
8221,Supernova,Supernova by MadMan (Ft. Emis Killa),madman,"MM, Vol. 3",MM Vol. 3
10786,Superstar,Superstar by Fred De Palma (Ft. Samurai Jay),fred de palma,Unico,Unico
10090,Superstar,Superstar by Shiva,shiva,Dolce vita,Dolce vita
5261,S’il vous plait,S’il vous plait by Luchè,luchè,L1,L1
4729,S’il vous plait,S’il vous plait by Vacca (Ft. Cromo),vacca,Don Vacca Corleone,Don Vacca Corleone
9330,TONIGHT,TONIGHT by ANNA,anna pepe,VERA BADDIE,SANTANA MONEY GANG
3002,TONIGHT,TONIGHT by Rondodasosa (Ft. Vale Pain),rondodasosa,TRENCHES BABY,TRENCHES BABY
5958,Tagli,Tagli by Emis Killa (Ft. Entics),emis killa,"The Flow Clocker, Vol. 1",MOOD
6421,Tagli,Tagli by Entics (Ft. Emis Killa),entics,,BRAVA GENTE
7022,Talent Show,Talent Show by Mr.Rain (Ft. Galup (Ita)),mr. rain,Memories,Acid Rap
7822,Talent Show,Talent Show by Noyz Narcos & Fritz Da Cat,noyz narcos,Localz Only,Localz Only
10794,Te lo immagini,Te lo immagini by Fred De Palma (Ft. Boomdabash),fred de palma,Unico,Unico
4766,Te lo immagini,Te lo immagini by Vacca (Ft. Melo (ITA)),vacca,Poco di buono 2,Poco Di Buono 2
7268,Temporale,Temporale by Gemitaiz (Ft. Pinto & Sebastian / Killa Cali),gemitaiz,Quello Che Vi Consiglio Vol. 2,Temporale
5016,Temporale,Temporale by Il Tre,il tre,ALI - ULTIMA NOTTE,ALI - ULTIMA NOTTE
7925,The Show,The Show by Jack The Smoker,jack the smoker,Sedicinoni,Sedicinoni
2299,The Show,"The Show by Rocco Hunt (Ft. Gemitaiz, MadMan & Nitro)",rocco hunt,’A Verità 2.0,'A verità
7096,Ti Amo,Ti Amo by Gemitaiz,gemitaiz,L’unico compromesso,L'Unico Compromesso
5160,Ti Amo,Ti Amo by Luchè,luchè,Malammore,Malammore
3986,Titoli,Titoli by Caparezza,caparezza,Habemus Capa,Habemus Capa
2843,Titoli,Titoli by Johnny Marsiglia,johnny marsiglia,GARA 7,GARA 7
1363,Tony Montana,Tony Montana by Massimo Pericolo (Ft. Achille Lauro),massimo pericolo,Le cose cambiano (Deluxe),Le cose cambiano (Deluxe)
4066,Tony Montana,Tony Montana by Tony Effe (Ft. Gucci Mane),tony effe,Untouchable,Untouchable
1693,Top Player,Top Player by Clementino (Ft. Salmo),clementino,Miracolo! (Deluxe Edition),Miracolo!
8255,Top Player,Top Player by MadMan (Ft. Jake La Furia),madman,Doppelganger,Doppelganger
5324,Tornado,Tornado by Baby K,baby k,Donna sulla Luna,Donna sulla Luna
6915,Tornado,Tornado by Frah Quintale,frah quintale,2004 - EP,2004
5782,Toro Loco,Toro Loco by Emis Killa & Jake La Furia,emis killa,17 (Dark Edition),17
7505,Toro Loco,Toro Loco by Slait (Ft. Fratelli Quintale),slait,Bloody Vinyl Mixtape Vol. 1,17
1062,Traffico,Traffico by Guè & DJ Harsh (Ft. Montenero),guè pequeno,Fastlife Mixtape Vol. 1,In mezzo al traffico
7600,Traffico,Traffico by Tony Boy,tony boy,Going Hard,Going Hard
9214,Tranquillo,Tranquillo by Sottotono,sottotono,Sotto Effetto Stono,Sotto effetto stono
7644,Tranquillo,Tranquillo by Tony Boy,tony boy,Non hai mai Mixtape,Going Hard 2
1309,Trap Take Radio 105,Trap Take Radio 105 by Capo Plaza,capo plaza,,Quisqueyano 4
4601,Trap Take Radio 105,Trap Take Radio 105 by Ensi,ensi,,Balances & Options
10136,Trap Take Radio 105,Trap Take Radio 105 by Shiva,shiva,,Balances & Options
6809,Troppo poco,Troppo poco by Nesli,nesli,Vengo In Pace,Vengo In Pace
1580,Troppo poco,Troppo poco by Piotta (Ft. Adriano Viterbini & Francesco Di Giacomo),piotta,Odio Gli Indifferenti,Odio Gli Indifferenti
789,Trust No One,Trust No One by Niky Savage,niky savage,,Trust No One
4746,Trust No One,Trust No One by Vacca,vacca,L’ultimo tango,L'ultimo tango
4200,Tutti a casa,Tutti a casa by Bassi Maestro,bassi maestro,Tutti a casa,Tutti a casa
5696,Tutti a casa,Tutti a casa by Shade (Ft. J-Ax),shade,Truman (Sanremo Edition),Truman
10773,Tutto Qui,Tutto Qui by Fred De Palma,fred de palma,BoyFred,BoyFred
2885,Tutto Qui,Tutto Qui by Johnny Marsiglia (Ft. DJ Shocca),johnny marsiglia,Sentire Non È Ascoltare,L.U.N.A.
6633,Tutto apposto,Tutto apposto by Don Joe (Ft. Maruego),don joe,Ora O Mai Più,Ora O Mai Più
2868,Tutto apposto,Tutto apposto by Johnny Marsiglia & Big Joe (Ft. Jack The Smoker),johnny marsiglia,Orgoglio,Orgoglio
8260,Tutto apposto,Tutto apposto by MadMan (Ft. Jack The Smoker),madman,Doppelganger,Doppelganger
10588,Tutto apposto,Tutto apposto by Mondo Marcio,mondo marcio,Animale In Gabbia,La Freschezza Del Marcio
8118,Tutto normale,Tutto normale by Coez,coez,Senza mani - EP,Senza mani
9308,Tutto normale,Tutto normale by Grido,grido,Diamanti e Fango,Diamanti e fango
5188,Tutto può succedere,Tutto può succedere by Luchè,luchè,L2,L2
3565,Tutto può succedere,Tutto può succedere by Neffa (Ft. Deda),neffa,107 elementi,107 Elementi
5890,Tutto quello che ho,Tutto quello che ho by Emis Killa (Ft. Fabio De Martino),emis killa,L’erba cattiva (Gold Edition),PLC tape 1
6972,Tutto quello che ho,Tutto quello che ho by Mr.Rain,mr. rain,,Tutto quello che ho
6000,Twist,Twist by Bushwaka (Ft. Fedez),bushwaka,Pandamonium,1969 - Achille Idol Rebirth
5758,Twist,Twist by Shade (Ft. P.A.P.A.),shade,,Twist & Shades
10234,UFO,UFO by Caneda,caneda,Nato nell’acqua,Nato nell'acqua
6222,UFO,UFO by Willie Peyote,willie peyote,Pornostalgia,Pornostalgia
5561,UNA COME TE,UNA COME TE by Geolier,geolier,DIO LO SA - ATTO II,DIO LO SA
8806,UNA COME TE,UNA COME TE by Highsnob (Ft. Giaime),mike24,YIN EP,Persona
10372,Un Altro Giorno,Un Altro Giorno by Mondo Marcio,mondo marcio,La Freschezza Del Marcio,La Freschezza Del Marcio
6650,Un Altro Giorno,Un Altro Giorno by Nesli,nesli,Ego,Ego
10714,Un’altra notte,Un'altra notte by Fred De Palma (Ft. Giulia Jean),fred de palma,Hanglover,Hanglover
7105,Un’altra notte,Un’altra notte by Gemitaiz & MadMan (Ft. Priestess),gemitaiz,Scatola nera,Scatola Nera
3318,Va Così,Va Così by Ghemon,ghemon,Best Seller Compilation Vol. 1 & 2,"Best Seller Compilation, Vol. 1 & 2"
6832,Va Così,Va Così by MamboLosco & Boro (Ft. Dark Polo Gang),mambolosco,Caldo ,Caldo
5867,Vaffanculo,Vaffanculo by Emis Killa,emis killa,Keta Music,2/7 - EP
9293,Vaffanculo,Vaffanculo by Grido (Ft. Marco Masini),grido,Segnali di Fumo,Segnali di fumo
10269,Vampiri,Vampiri by Caneda,caneda,Il piccolo principe,Il piccolo principe
5908,Vampiri,Vampiri by Emis Killa,emis killa,,Vampiri
6484,Veleno,Veleno by BigMama,bigmama,Sangue,Sangue
7056,Veleno,Veleno by Gemitaiz (Ft. MadMan),gemitaiz,Quello Che Vi Consiglio Vol. 1,MM Vol. 2
3250,Veleno,Veleno by Ghemon,ghemon,ORCHIdee,ORCHIdee
9313,Veleno,Veleno by Grido (Ft. Raige),grido,Segnali di Fumo,Segnali di fumo
810,Veleno,Veleno by Guè,guè pequeno,GVESVS,GVESVS
9258,Vendesi,Vendesi by Sottotono,sottotono,,Sindrome di Tôret
6179,Vendesi,Vendesi by Willie Peyote (Ft. Roy Paci),willie peyote,Sindrome di Tôret,Sindrome di Tôret
4565,Vendetta,Vendetta by Ensi,ensi,Vendetta,VENDETTA
11010,Vendetta,Vendetta by Marracash,marracash,Status (Vendetta Edition),Status
7785,Vendetta,"Vendetta by Noyz Narcos (Ft. Cole (TruceKlan), Gel & Metal Carter)",noyz narcos,Non Dormire,Non Dormire
3456,Venerdì,Venerdì by Articolo 31,articolo 31,Nessuno,Nessuno
5294,Venerdì,Venerdì by Baby K,baby k,Kiss Kiss Bang Bang ,Kiss Kiss Bang Bang
6552,Venere,Venere by Ernia,ernia,,Venere
3650,Venere,Venere by Neffa,neffa,Alla Fine Della Notte,Alla Fine Della Notte
9805,Verde,Verde by Priestess (Ft. Gemitaiz),priestess,Brava,Brava
324,Verde,Verde by Yung Snapp,yung snapp,HOTEL MONTANA (Deluxe),HOTEL MONTANA (Deluxe)
815,Vero,Vero by Guè,guè pequeno,Vero - 10 Anni Dopo,Vero
2478,Vero,Vero by Mistaman & DJ Shocca (Ft. Ghemon),mistaman,La scatola nera,La scatola nera
186,Via,Via by Alfa,alfa,Mondo Immobile Mixtape,Viajo Sin Ver (Remix)
8097,Via,Via by Coez,coez,Spotify Singles,Spotify Singles
2777,Via Da Qui,Via Da Qui by Doll Kill,doll kill,Oh My Doll EP,Oh My Doll - EP
3290,Via Da Qui,Via Da Qui by Ghemon,ghemon,Embrionale - EP,La maggior parte
5280,Vibe,Vibe by Baby K (Ft. Gemitaiz & Vegas Jones),baby k,Icona ,KIRK
839,Vibe,Vibe by Guè,guè pequeno,Tropico Del Capricorno,Tropico Del Capricorno
1824,Vida Loca,Vida Loca by Club Dogo,club dogo,Mi Fist ,MI Fist (2004 Remaster)
10375,Vida Loca,Vida Loca by Mondo Marcio,mondo marcio,UOMO!,UOMO!
3630,Vieni con me,Vieni con me by Neffa,neffa,"I molteplici mondi di Giovanni, Il cantante Neffa","I Molteplici Mondi Di Giovanni, Il Cantante Neffa"
2311,Vieni con me,Vieni con me by Rocco Hunt,rocco hunt,’A Verità 2.0,'A verità
6350,Vilipendio,Vilipendio by 99 Posse,99 posse,,Cattivi guagliuni
6195,Vilipendio,Vilipendio by Willie Peyote,willie peyote,Sindrome di Tôret,Sindrome di Tôret
2145,Voce,Voce by Fabri Fibra,fabri fibra,Guerra E Pace,Guerra E Pace
6712,Voce,Voce by Nesli,nesli,Voglio di + – Nesliving Vol. 3,"Voglio di + (Nesliving, Vol.3)"
4417,Voci,Voci by Ghali,ghali,Lunga Vita a Sto,Lunga Vita a Sto
2865,Voci,Voci by Johnny Marsiglia & Big Joe (Ft. Zuli),johnny marsiglia,Orgoglio,Orgoglio
7552,Voci,Voci by Tony Boy,tony boy,,Going Hard 3
8108,Volare,Volare by Coez,coez,Senza mani - EP,Volare
7813,Volare,Volare by Noyz Narcos & DJ Gengis,noyz narcos,The Best Out Mixtape Vol. 2,Volare
10321,Volo,Volo by Caneda,caneda,,Volo
9865,Volo,Volo by Tormento (Ft. Patrick Benifei & Raige),tormento,Il Mio Diario: Giorno,Il mio diario (Giorno)
9059,Voodoo,Voodoo by Dark Polo Gang,dark polo gang,The Dark Album,The Dark Album
7053,Voodoo,Voodoo by Gemitaiz (Ft. CoCo & Luchè),gemitaiz,Quello Che Vi Consiglio Vol. 7,Vero
823,Voodoo,Voodoo by Guè,guè pequeno,Vero - 10 Anni Dopo,Vero
6568,Vuoto,Vuoto by Ernia,ernia,,68 (Till The End)
9694,Vuoto,Vuoto by Salmo,salmo,The Island Chainsaw Massacre,The Island Chainsaw Massacre
7588,Vuoto,Vuoto by Tony Boy (Ft. Dium),tony boy,Non C’è Futuro - EP,Non C'è Futuro
6562,WEEKEND,WEEKEND by Ernia,ernia,IO NON HO PAURA,IO NON HO PAURA
7467,WEEKEND,"WEEKEND by Slait & MILES (Ft. Lazza, Madame & Massimo Pericolo)",slait,BV3,BV3
2330,Wake Up,Wake Up by Rocco Hunt,rocco hunt,SignorHunt: Wake Up Edition,SignorHunt - Wake Up Edition
6267,Wake Up,Wake Up by Willie Peyote,willie peyote,Rap & Melodies,That's Them
7247,Without You,Without You by Gemitaiz (Ft. JAY1),gemitaiz,"QVC 10 – Quello Che Vi Consiglio, Vol. 10",QVC 10 - Quello Che Vi Consiglio Vol. 10
9934,Without You,Without You by Nitro,nitro,Danger,Danger
8393,Wow,Wow by Achille Lauro,achille lauro,Ragazzi madre (1 Year Anniversary),Ragazzi madre (1 Year Anniversary)
9466,Wow,Wow by Dani Faiv,dani faiv,The Waiter,The Waiter
5909,Wow,Wow by Emis Killa,emis killa,Mercurio - 5 Stars Edition,Mercurio
8705,X,X by Cor Veleno,cor veleno,Nuovo Nuovo,Nuovo Nuovo
7966,X,X by Jack The Smoker (Ft. Nak Spumanti & Uzi Junkana),jack the smoker,Game Over Mixtape vol. 1,Su le mani x l'hip hop italiano
4220,Yeah,Yeah by Bassi Maestro (Ft. Cricca dei Balordi & Mondo Marcio),bassi maestro,L’Ultimo Testimone,L'Ultimo Testimone
6426,Yeah,Yeah by Entics,entics,Ganja Chanel,Soundboy
2728,Yeah,Yeah by Jake La Furia (Ft. Emis Killa),jake la furia,Ferro del mestiere,Ferro del mestiere
4176,You,You by Bassi Maestro,bassi maestro,Hate,HATE
2804,You,You by YEИDRY (Ft. Damian Marley),yeиdry,,YOU (feat. Damian Marley)
1877,You Know NA-MI,You Know NA-MI by Club Dogo (Ft. Co’Sang),club dogo,Roccia Music,Everyday Ting
1114,You Know NA-MI,You Know NA-MI by Guè (Ft. Co’Sang),guè pequeno,Rimo Da Quando,Fastlife 4
9588,Zanzare,Zanzare by Dani Faiv,dani faiv,Digital Jungle Mixtape,Teoria Del Contrario Mixtape Vol. 3
9434,Zanzare,Zanzare by Samuel Costa (Ft. Jacopo Èt),samuel heron,Canzoni Popolari - EP,Zanzare (feat. Jacopo Et)
10187,Zero,Zero by Caneda,caneda,Nato nell’acqua,Mozart Nella Giungla
2888,Zero,Zero by Johnny Marsiglia,johnny marsiglia,Sentire Non È Ascoltare,Zero Kills
1496,Zero,Zero by Mahmood,mahmood,Ghettolimpo,Ghettolimpo
3131,Zero,Zero by Sfera Ebbasta,sfera ebbasta,XDVR Reloaded,XDVR Reloaded
8814,Zombie,Zombie by Highsnob,mike24,Bipopular,Resta Vivo
2754,Zombie,Zombie by Jake La Furia,jake la furia,Fuori Da Qui,Fuori Da Qui
784,esse Type Beat,esse Type Beat by Niky Savage,niky savage,,Sem Boné (Remix)
6273,esse Type Beat,esse Type Beat by Willie Peyote,willie peyote,,Elevate
4647,​sentimi,​sentimi by Madame,madame,,MADAME
4648,​sentimi,​sentimi by Madame,madame,,sentimi
